sistema,bloco_MB,teste,alloc_ms,write_ms,read_ms,free_ms
Linux,100,1,39.66904,14.758231,422.460307,4.064127
Linux,100,2,30.232316,13.992591,440.03482,4.01077
Linux,100,3,29.089037,14.155388,436.88796,4.160625
Linux,100,4,30.907687,13.367468,438.443643,4.104934
Linux,100,5,29.231191,14.210398,437.613825,4.132155
Linux,100,6,31.014721,13.748631,437.031558,4.052253
Linux,100,7,29.108219,14.068778,441.719414,4.136752
Linux,100,8,29.386951,13.609994,441.777057,4.020916
Linux,100,9,30.613567,14.235769,440.153147,4.122333
Linux,100,10,30.373511,13.428461,444.122236,4.189783
Linux,100,11,29.541628,13.967696,442.222924,4.187819
Linux,100,12,31.325331,17.136014,443.060206,4.229309
Linux,100,13,30.672073,14.044215,444.365858,4.221083
Linux,100,14,31.648069,14.639851,461.8639,4.288338
Linux,100,15,32.621006,14.968568,468.605568,5.441223
Linux,100,16,34.512368,15.780301,463.305347,5.059393
Linux,100,17,36.778266,18.446853,466.601291,4.396695
Linux,100,18,33.849403,15.795496,439.662932,4.210857
Linux,100,19,32.502878,21.081323,459.089705,4.345703
Linux,100,20,30.683475,13.050108,434.859734,4.299634
Linux,100,21,37.913115,18.622051,490.933402,3.951837
Linux,100,22,33.962914,16.022796,454.375841,4.013904
Linux,100,23,30.571434,15.03732,458.447462,4.190926
Linux,100,24,30.76248,13.628756,451.037997,4.138477
Linux,100,25,29.637863,14.478201,460.149889,4.777163
Linux,100,26,32.693287,15.396587,459.191856,4.157557
Linux,100,27,29.780716,14.609012,452.709263,4.328784
Linux,100,28,30.062884,13.731196,461.357533,4.154031
Linux,100,29,30.361748,14.426947,460.749109,4.187121
Linux,100,30,33.294741,16.564952,462.001785,4.505727
Linux,100,31,34.282977,17.220593,465.077139,4.361309
Linux,100,32,35.302311,15.686068,458.044187,4.64473
Linux,100,33,35.072445,17.182926,480.003465,4.268208
Linux,100,34,31.78971,14.101276,475.397106,4.517742
Linux,100,35,34.683273,18.045269,481.064511,4.191763
Linux,100,36,30.334605,13.06918,440.757071,4.087396
Linux,100,37,31.216111,14.942814,443.626394,4.222274
Linux,100,38,30.304969,13.176307,453.900543,4.294131
Linux,100,39,30.704179,14.198736,454.439546,4.108699
Linux,100,40,30.024252,13.225273,453.608832,4.154794
Linux,100,41,30.524053,14.553685,454.44494,4.195933
Linux,100,42,30.413072,13.021566,452.741112,4.194168
Linux,100,43,29.735866,14.849486,453.125505,4.136706
Linux,100,44,30.604659,13.042844,440.789926,3.962103
Linux,100,45,30.610315,14.175642,440.695893,4.134132
Linux,100,46,30.853719,14.801286,448.916325,4.086887
Linux,100,47,30.270873,14.586571,451.454397,4.340528
Linux,100,48,30.164752,13.765493,466.671488,4.015915
Linux,100,49,29.872429,14.896263,452.584453,4.144593
Linux,100,50,30.062062,13.050641,453.292983,4.14385
Linux,100,51,30.043052,14.439691,452.089276,4.031087
Linux,100,52,30.151276,13.038098,450.865797,4.089087
Linux,100,53,30.099463,14.432538,449.882524,4.121479
Linux,100,54,30.138362,13.216441,449.293355,4.456513
Linux,100,55,30.197767,14.881099,451.778438,4.146352
Linux,100,56,31.331555,14.793253,451.931177,4.225262
Linux,100,57,31.27128,14.532651,451.051424,4.21007
Linux,100,58,30.89082,13.382818,450.207142,4.200233
Linux,100,59,30.070264,15.090918,451.413401,4.205902
Linux,100,60,30.688559,13.944638,450.604491,4.918209
Linux,100,61,45.365458,17.437624,579.328429,4.004075
Linux,100,62,28.780919,13.153138,451.160732,5.455075
Linux,100,63,40.9174,18.70126,531.983444,5.356132
Linux,100,64,38.148639,17.83196,467.113581,4.054945
Linux,100,65,35.844799,18.640659,800.963324,9.189574
Linux,100,66,48.549993,40.089216,796.074228,4.5552
Linux,100,67,34.733296,16.091481,494.530426,5.106564
Linux,100,68,37.444439,17.259084,522.698633,4.564271
Linux,100,69,36.980441,17.244062,531.328056,4.930426
Linux,100,70,44.339674,20.821795,557.775593,4.364251
Linux,100,71,34.524502,16.427646,575.882526,6.300497
Linux,100,72,43.340936,22.204933,765.705674,7.353095
Linux,100,73,53.158852,25.284459,777.098854,5.581599
Linux,100,74,37.100237,18.560512,474.82671,4.236499
Linux,100,75,33.632148,17.432537,497.162493,4.552761
Linux,100,76,34.532378,15.152204,476.0595,4.243345
Linux,100,77,42.698232,17.413823,489.662252,4.238675
Linux,100,78,33.356935,15.271539,479.544617,4.905149
Linux,100,79,36.838866,16.2193,470.763903,4.501148
Linux,100,80,36.446667,17.820311,487.020498,4.465272
Linux,100,81,36.220087,17.472013,490.724348,4.487058
Linux,100,82,34.239686,15.744834,485.914624,4.930025
Linux,100,83,33.407198,15.394956,466.425643,4.396486
Linux,100,84,33.0602,14.924825,487.813304,4.061072
Linux,100,85,30.490627,14.631259,468.379975,4.240477
Linux,100,86,35.781346,17.064879,498.87769,4.17629
Linux,100,87,34.06163,16.268299,451.886153,4.236529
Linux,100,88,31.796262,14.551259,463.458737,4.431374
Linux,100,89,33.298818,15.540363,458.469876,5.527075
Linux,100,90,34.725124,15.012109,461.639661,4.010257
Linux,100,91,32.694248,15.412724,465.520942,5.644215
Linux,100,92,36.953695,16.8361,481.311489,4.217737
Linux,100,93,35.998838,16.378736,517.449328,5.303736
Linux,100,94,36.876482,16.636104,488.176038,4.331918
Linux,100,95,33.714977,15.908557,467.451736,4.48421
Linux,100,96,34.077402,15.299639,461.09002,3.926335
Linux,100,97,32.558549,15.635962,464.890093,4.390408
Linux,100,98,33.554148,15.134007,457.246841,4.272438
Linux,100,99,32.087252,16.611128,459.541445,4.375933
Linux,100,100,34.630202,15.135448,452.380318,4.136723
Linux,200,1,72.973986,32.96563,882.688486,8.227144
Linux,200,2,62.316439,28.08188,907.690634,8.518248
Linux,200,3,66.424843,31.742221,913.200821,9.150696
Linux,200,4,64.930588,29.453395,933.319653,8.572268
Linux,200,5,67.090145,31.862137,930.671528,9.022429
Linux,200,6,67.720173,29.393572,932.271485,8.752107
Linux,200,7,66.654861,30.607278,931.249239,8.802496
Linux,200,8,68.631761,31.617618,935.434486,8.650276
Linux,200,9,68.402393,31.499947,929.646591,9.028563
Linux,200,10,91.093268,30.558453,928.720148,8.820322
Linux,200,11,66.196223,31.799937,928.686221,9.153388
Linux,200,12,66.785294,30.496971,926.940783,8.908791
Linux,200,13,67.447717,31.663946,929.629088,8.913002
Linux,200,14,72.951662,29.727894,929.181411,9.063066
Linux,200,15,67.03459,31.487044,923.397176,8.768639
Linux,200,16,66.634287,30.433164,923.701216,8.883265
Linux,200,17,65.928202,32.225976,909.155444,8.619476
Linux,200,18,67.727567,29.907024,912.149874,8.253255
Linux,200,19,66.801662,31.546675,905.467189,8.592562
Linux,200,20,69.811114,29.918791,910.88289,8.449249
Linux,200,21,66.35788,32.069458,910.004981,8.54552
Linux,200,22,67.359019,30.63268,909.160707,8.645363
Linux,200,23,66.44503,32.124662,910.885312,8.788968
Linux,200,24,65.712727,28.887289,915.42699,8.549428
Linux,200,25,65.86734,30.880978,913.83469,8.626364
Linux,200,26,70.685763,30.431264,924.780617,8.96225
Linux,200,27,65.976506,31.619851,928.049769,8.928953
Linux,200,28,72.085001,29.796849,923.979734,9.528726
Linux,200,29,66.278167,31.572361,924.464599,8.937304
Linux,200,30,65.897943,30.111197,924.228045,8.694512
Linux,200,31,66.803453,33.325319,923.795654,9.058466
Linux,200,32,67.614102,30.723327,907.433584,8.492141
Linux,200,33,67.70851,32.101746,911.225194,8.598511
Linux,200,34,68.29661,29.495521,916.562946,8.368346
Linux,200,35,67.35344,31.498546,924.987789,8.799712
Linux,200,36,67.283468,29.285937,909.241853,8.193476
Linux,200,37,66.855907,31.507778,894.762994,8.5456
Linux,200,38,68.189679,31.194496,910.076032,8.3485
Linux,200,39,66.651117,31.518836,913.843063,8.806095
Linux,200,40,67.649986,30.556216,913.127454,8.735786
Linux,200,41,65.532095,31.518321,923.498836,8.975667
Linux,200,42,66.556142,29.840977,925.99179,8.949439
Linux,200,43,66.672289,30.494137,926.212989,9.03061
Linux,200,44,67.75807,29.880215,976.151204,8.426738
Linux,200,45,68.097911,31.520673,925.333011,9.710868
Linux,200,46,67.688763,30.089145,991.470266,8.778249
Linux,200,47,67.194093,30.97656,925.711462,8.888688
Linux,200,48,65.713297,29.102265,923.100375,8.759824
Linux,200,49,66.858762,31.847791,922.573694,8.848424
Linux,200,50,67.094095,30.369625,923.265429,8.603797
Linux,200,51,67.410234,31.912255,920.446178,9.247917
Linux,200,52,66.244995,29.311303,922.355695,8.391402
Linux,200,53,66.970928,32.467237,912.122062,8.578342
Linux,200,54,66.385403,30.115704,916.557093,8.712378
Linux,200,55,67.227707,32.154375,932.314486,8.878186
Linux,200,56,66.66412,29.895722,923.713857,8.825935
Linux,200,57,65.672217,31.472394,924.760666,8.901162
Linux,200,58,66.650523,29.301443,926.630325,8.858075
Linux,200,59,66.511858,31.052485,927.960376,9.056329
Linux,200,60,66.552716,30.391388,931.736708,8.780334
Linux,200,61,68.666055,32.199278,927.359165,8.915964
Linux,200,62,65.982556,29.956627,924.751302,8.588023
Linux,200,63,66.980247,32.307476,924.307604,8.711845
Linux,200,64,67.154337,29.653205,922.282823,8.76141
Linux,200,65,68.036903,32.073114,905.842591,8.947827
Linux,200,66,66.509252,29.038472,915.898119,8.416298
Linux,200,67,68.304283,31.65952,1001.884072,15.307638
Linux,200,68,69.719399,35.688296,1124.474871,11.073288
Linux,200,69,78.447095,35.928666,939.97045,8.765824
Linux,200,70,66.887534,29.567454,930.115669,8.769336
Linux,200,71,67.279726,32.488761,931.968672,8.658385
Linux,200,72,68.565136,30.402295,927.281343,8.78386
Linux,200,73,69.294907,32.671177,929.016456,8.752389
Linux,200,74,67.787679,30.075002,932.168885,8.726953
Linux,200,75,65.526573,31.603308,919.355258,8.886124
Linux,200,76,66.541235,30.020378,906.67692,8.53896
Linux,200,77,66.524235,31.978438,913.124536,8.960349
Linux,200,78,66.165325,29.299731,922.146529,9.155912
Linux,200,79,65.530091,32.81298,925.24573,9.02754
Linux,200,80,66.653749,29.503845,909.466251,8.582445
Linux,200,81,67.516001,30.835617,926.199993,8.692441
Linux,200,82,65.598275,29.831437,926.153343,8.540209
Linux,200,83,66.882969,31.172549,906.72632,8.949517
Linux,200,84,60.728767,27.598305,924.311591,8.702784
Linux,200,85,62.021831,31.896784,929.403959,8.566095
Linux,200,86,67.185202,30.752013,922.532902,8.769747
Linux,200,87,68.000096,31.369507,917.680157,8.949856
Linux,200,88,69.389378,30.197251,1034.798471,10.646996
Linux,200,89,91.269565,47.602207,1110.242574,9.25565
Linux,200,90,66.550314,30.283421,895.176827,8.277381
Linux,200,91,70.957403,32.085882,964.639646,13.639021
Linux,200,92,114.639852,68.417077,1916.146691,10.395416
Linux,200,93,80.729982,41.846023,1066.201643,10.169945
Linux,200,94,76.90658,33.839731,1643.947653,16.299885
Linux,200,95,114.011097,46.462104,1211.264636,13.45162
Linux,200,96,90.49305,37.471585,1038.2619,9.683711
Linux,200,97,94.910607,44.138827,1431.141537,12.922041
Linux,200,98,103.897527,42.251851,1128.21746,10.469516
Linux,200,99,86.084279,53.842606,1157.655046,17.829273
Linux,200,100,108.912752,62.920509,1490.66635,8.772281
Linux,300,1,104.195726,47.507746,1479.596061,13.838238
Linux,300,2,100.004869,44.319059,1447.118769,13.22564
Linux,300,3,100.606986,46.928693,1421.152164,17.195722
Linux,300,4,91.684359,44.729664,1427.709224,14.218317
Linux,300,5,92.426318,43.497091,1396.875295,13.21082
Linux,300,6,104.895175,44.34695,1402.494628,13.261848
Linux,300,7,101.079196,46.676343,1402.058046,12.88894
Linux,300,8,100.84003,44.763935,1400.063682,13.274739
Linux,300,9,101.115923,48.191574,1397.970884,13.636579
Linux,300,10,98.671288,45.140678,1393.201251,12.886358
Linux,300,11,99.032801,46.933308,1387.256334,13.082393
Linux,300,12,99.289033,45.558213,1417.168576,13.13173
Linux,300,13,98.24359,45.431728,1411.454368,12.963699
Linux,300,14,99.1272,45.803643,1375.652296,12.902544
Linux,300,15,93.463664,44.221577,1391.489423,13.425238
Linux,300,16,98.304645,44.212807,1367.716206,12.978377
Linux,300,17,102.564702,46.625216,1408.167243,13.179223
Linux,300,18,99.772148,44.879815,1381.146569,13.4323
Linux,300,19,98.751067,46.697444,1396.947951,13.090484
Linux,300,20,99.254884,43.649144,1400.985048,13.035623
Linux,300,21,94.845329,46.376271,1386.712659,13.12775
Linux,300,22,98.092198,43.090171,1397.465978,13.169515
Linux,300,23,101.328581,45.635872,1382.778099,12.992891
Linux,300,24,99.092556,42.18716,1357.488599,13.492745
Linux,300,25,99.312924,44.075613,1380.237058,13.270962
Linux,300,26,98.995433,44.4487,1373.900772,12.94471
Linux,300,27,101.085217,46.972106,1397.071625,13.191009
Linux,300,28,95.745939,43.959156,1404.76332,13.332308
Linux,300,29,100.211967,46.285306,1391.736869,12.741154
Linux,300,30,99.991556,44.258499,1393.448873,13.048563
Linux,300,31,99.619293,48.08813,1395.042985,13.114147
Linux,300,32,99.630073,45.129991,1422.197895,13.213251
Linux,300,33,105.303571,47.282719,1354.82855,13.095639
Linux,300,34,100.515775,41.626074,1380.054597,12.868253
Linux,300,35,100.525988,45.782227,1373.586729,12.905821
Linux,300,36,101.684359,44.770408,1385.683634,12.998708
Linux,300,37,99.834452,47.009485,1391.244303,12.899506
Linux,300,38,101.279248,46.069062,1381.594021,13.254936
Linux,300,39,102.190463,48.560921,1386.269061,14.075593
Linux,300,40,100.661319,44.073863,1392.442857,13.247492
Linux,300,41,99.415215,46.592143,1369.491426,13.144811
Linux,300,42,97.723872,45.343686,1386.450768,13.04563
Linux,300,43,99.375377,46.811489,1389.988358,13.182739
Linux,300,44,100.049686,44.189088,1367.227739,13.28017
Linux,300,45,100.512499,47.04102,1389.276185,12.685319
Linux,300,46,98.713914,44.156197,1388.270871,14.124315
Linux,300,47,99.860197,47.944252,1372.266757,12.748032
Linux,300,48,99.860358,44.761913,1370.597772,13.151981
Linux,300,49,99.066576,47.722346,1369.038205,12.555166
Linux,300,50,91.119056,42.486468,1382.884258,13.223214
Linux,300,51,99.866883,47.200853,1390.023429,12.753224
Linux,300,52,99.540778,44.561964,1381.997219,12.832167
Linux,300,53,100.223579,47.27516,1373.16898,12.808501
Linux,300,54,97.603384,43.518533,1383.211467,12.896312
Linux,300,55,100.266483,46.296871,1389.077017,13.151902
Linux,300,56,99.672577,45.01254,1388.419078,13.131437
Linux,300,57,100.409307,47.476521,1385.247083,12.947458
Linux,300,58,100.940525,44.062256,1372.232886,12.90456
Linux,300,59,100.028594,46.32894,1378.618463,14.028119
Linux,300,60,101.875653,43.459711,1384.996545,12.961269
Linux,300,61,99.20747,46.59536,1365.710725,12.876995
Linux,300,62,98.343761,45.508893,1384.105856,13.132965
Linux,300,63,100.249939,48.214589,1371.29457,13.118258
Linux,300,64,101.559252,45.257449,1385.056481,13.26643
Linux,300,65,99.44468,46.993804,1386.923516,13.0165
Linux,300,66,100.177004,44.170013,1376.948215,13.197512
Linux,300,67,91.961067,43.491798,1398.146586,12.889113
Linux,300,68,100.147331,44.727111,1371.007113,13.256654
Linux,300,69,98.469667,47.725299,1368.107338,12.78163
Linux,300,70,99.451597,44.494566,1366.852866,12.762145
Linux,300,71,100.550756,47.896112,1375.624166,12.966967
Linux,300,72,101.350636,51.679316,1379.845229,13.08687
Linux,300,73,98.54425,43.612499,1364.08743,13.016326
Linux,300,74,101.060996,44.208627,1360.801867,12.864208
Linux,300,75,99.062489,46.722472,1390.099269,12.736814
Linux,300,76,99.80568,44.241877,1377.071084,12.85532
Linux,300,77,90.155653,43.654956,1397.157776,12.990498
Linux,300,78,93.519673,42.732216,1349.570794,12.973884
Linux,300,79,99.049817,47.332627,1382.876843,12.698227
Linux,300,80,92.314326,41.677254,1380.234679,13.070929
Linux,300,81,100.590109,46.882809,1386.355137,13.179392
Linux,300,82,100.465569,43.390509,1365.541983,13.030116
Linux,300,83,94.714504,43.101589,1363.891341,13.151835
Linux,300,84,98.686309,43.907375,1378.382767,12.868372
Linux,300,85,98.675358,46.457011,2123.295053,16.108579
Linux,300,86,114.42616,49.830995,1450.884246,12.752574
Linux,300,87,102.308214,45.045294,1470.465457,13.456122
Linux,300,88,104.789133,45.311499,1374.513676,13.474077
Linux,300,89,91.427739,44.700894,1554.597871,12.85906
Linux,300,90,99.758158,43.271366,1406.885618,12.831273
Linux,300,91,98.330368,48.275584,1385.482456,13.070564
Linux,300,92,100.546589,44.903104,1389.739701,13.363389
Linux,300,93,100.91096,46.693214,1384.246904,12.909145
Linux,300,94,97.762847,43.673939,1405.533007,13.303488
Linux,300,95,99.750286,48.226526,1414.126959,13.147229
Linux,300,96,100.764666,45.008601,1383.46186,13.844536
Linux,300,97,91.636229,44.180809,1392.053311,13.403279
Linux,300,98,99.761009,44.126889,1387.867508,12.992984
Linux,300,99,91.882583,44.511568,1388.877419,12.97323
Linux,300,100,98.593622,44.788549,1400.714611,13.128133
Linux,400,1,135.340772,62.876326,1864.425786,17.788969
Linux,400,2,129.564363,58.902046,1862.625017,18.248332
Linux,400,3,133.87586,62.876575,1848.808702,18.047986
Linux,400,4,133.108952,58.818686,1851.184327,18.064926
Linux,400,5,135.623057,65.017112,1835.395651,17.929215
Linux,400,6,136.888203,59.546916,1843.06775,18.284915
Linux,400,7,134.286484,62.709394,1858.541103,19.344008
Linux,400,8,129.916951,57.184509,1859.113785,18.977999
Linux,400,9,133.012544,60.271851,1844.081426,17.992284
Linux,400,10,133.595068,59.036779,1857.713857,18.374338
Linux,400,11,133.261597,63.902572,1858.384715,18.049238
Linux,400,12,146.776745,62.44666,1858.505085,18.460298
Linux,400,13,130.347951,59.588755,1827.294924,18.072822
Linux,400,14,124.331169,55.085098,1849.454423,18.029794
Linux,400,15,135.862603,63.863529,1855.067847,18.500961
Linux,400,16,137.211153,60.550305,1834.873891,18.144718
Linux,400,17,134.829248,61.645554,1921.776277,20.028508
Linux,400,18,144.54578,62.56519,2415.68431,21.816635
Linux,400,19,157.218387,75.344713,1967.517254,17.564873
Linux,400,20,142.576063,66.931289,2158.975292,18.680296
Linux,400,21,163.915439,68.715431,2016.62773,20.948608
Linux,400,22,143.602381,64.317722,2070.073683,22.405159
Linux,400,23,139.343295,65.74999,2138.232233,20.262575
Linux,400,24,141.051845,65.460045,2119.704824,21.325433
Linux,400,25,142.301467,73.830868,2201.264282,20.806859
Linux,400,26,146.473483,63.416331,2147.45097,20.895756
Linux,400,27,142.388068,65.927354,2125.521555,20.501939
Linux,400,28,162.845093,63.624124,2081.563686,20.615501
Linux,400,29,141.324069,63.983374,2114.584882,20.19646
Linux,400,30,141.319855,64.18003,2107.628199,21.294723
Linux,400,31,151.190357,70.777282,1977.078818,20.370045
Linux,400,32,158.350414,63.412125,2028.273127,20.216125
Linux,400,33,146.79871,69.308058,1942.827558,18.806835
Linux,400,34,143.732835,64.693502,1954.434848,19.350206
Linux,400,35,149.111397,69.693934,1950.957317,18.892878
Linux,400,36,148.856689,66.359151,1949.941589,20.051902
Linux,400,37,149.115289,66.001156,1962.17363,21.1777
Linux,400,38,150.756845,67.170451,1936.700439,18.812482
Linux,400,39,149.941935,67.432294,1922.368756,18.737411
Linux,400,40,141.666113,62.116272,1935.792848,19.295098
Linux,400,41,144.684309,62.034022,1906.831708,18.342606
Linux,400,42,133.765597,60.636633,1883.107964,18.251444
Linux,400,43,125.172156,59.046027,1907.194693,18.668694
Linux,400,44,136.45011,60.099106,1916.247546,18.157555
Linux,400,45,134.232509,61.795705,1905.333168,17.815152
Linux,400,46,134.453506,60.27542,1905.972506,18.333259
Linux,400,47,126.547673,59.290175,1887.235493,19.559787
Linux,400,48,147.191963,62.171871,1912.424056,20.107153
Linux,400,49,141.184283,67.460741,1935.384836,18.870467
Linux,400,50,142.275267,63.887231,1950.568621,19.646676
Linux,400,51,151.040616,69.853687,1928.898589,19.18687
Linux,400,52,148.180471,65.327194,1946.384771,18.87297
Linux,400,53,148.919572,69.110084,1918.975819,18.259042
Linux,400,54,125.142281,57.57571,1905.161132,18.282482
Linux,400,55,123.753637,62.323725,1877.945566,18.712335
Linux,400,56,126.379681,59.065544,1860.718684,18.805655
Linux,400,57,124.960237,59.126464,1859.414284,19.138519
Linux,400,58,125.080011,55.826944,1914.689614,22.864405
Linux,400,59,138.240412,63.777926,1908.513326,18.558362
Linux,400,60,133.137218,58.671738,1924.435066,18.289714
Linux,400,61,134.625084,62.387471,1912.086112,18.911654
Linux,400,62,142.896394,61.85706,1879.531705,18.046585
Linux,400,63,144.128469,66.011955,1888.533406,18.942714
Linux,400,64,145.539626,63.290168,1883.403575,18.117711
Linux,400,65,147.490801,67.10226,1956.364206,17.744224
Linux,400,66,125.084689,53.988729,1856.934889,18.02891
Linux,400,67,158.882611,56.035639,1934.020602,18.791828
Linux,400,68,120.135948,54.456942,1878.608361,18.131179
Linux,400,69,124.794272,56.479029,1883.39423,17.688713
Linux,400,70,120.906617,53.380102,1883.183301,17.894956
Linux,400,71,119.076912,57.311172,1868.064993,17.644469
Linux,400,72,121.225618,52.862563,1866.958115,17.674411
Linux,400,73,120.399162,57.604463,1864.662123,17.574972
Linux,400,74,120.760528,51.255287,1887.846195,18.437593
Linux,400,75,145.524452,68.10499,1913.005465,20.685455
Linux,400,76,147.763485,64.841449,1999.770736,20.645326
Linux,400,77,147.734452,65.522847,1916.304367,19.10512
Linux,400,78,144.973434,62.149404,1880.360857,19.522483
Linux,400,79,147.452048,68.108361,1951.261068,19.568494
Linux,400,80,148.041592,65.18637,2015.134196,19.505363
Linux,400,81,147.501455,68.623165,1888.198214,20.317765
Linux,400,82,149.748366,62.661825,1932.636807,20.302663
Linux,400,83,147.723683,68.541389,1946.62946,21.527927
Linux,400,84,128.657895,62.485951,1908.864586,18.991132
Linux,400,85,146.017088,68.181619,1917.179211,17.647772
Linux,400,86,120.718334,52.997982,1878.317846,17.781547
Linux,400,87,119.945285,58.433739,1884.181421,18.084686
Linux,400,88,121.207917,53.49722,1884.12251,17.759168
Linux,400,89,120.291886,58.030879,1866.546478,17.880317
Linux,400,90,122.5061,54.780968,1894.325811,16.890046
Linux,400,91,123.19273,56.574696,1826.55248,17.796979
Linux,400,92,124.407307,53.428569,1835.158596,17.581735
Linux,400,93,121.268308,57.814977,1857.752098,17.530273
Linux,400,94,120.240544,53.127216,1884.650741,18.747057
Linux,400,95,147.821206,65.983927,1902.719651,18.234197
Linux,400,96,146.037918,64.315062,1894.843291,18.261342
Linux,400,97,141.941028,66.822903,1897.875741,18.591632
Linux,400,98,145.075369,64.683634,1899.423418,18.571618
Linux,400,99,141.972749,66.512905,1882.689006,25.515105
Linux,400,100,147.127465,65.136389,2071.675828,29.777416
Linux,500,1,337.577557,164.305512,6516.703669,56.732523
Linux,500,2,362.368669,164.859675,3724.433156,23.158679
Linux,500,3,171.428758,81.618663,2794.30551,50.861871
Linux,500,4,227.077111,73.196334,2521.461518,23.974888
Linux,500,5,172.870524,80.780587,2842.49122,38.808762
Linux,500,6,231.717867,96.687432,3120.968894,31.097023
Linux,500,7,256.474134,133.370735,2919.865801,25.544753
Linux,500,8,185.680812,91.100557,3291.088705,30.318323
Linux,500,9,238.442945,127.555,2743.358919,37.579547
Linux,500,10,223.81125,104.408475,3123.558995,23.809802
Linux,500,11,171.484317,80.81447,2595.122801,23.175663
Linux,500,12,210.142432,77.352227,2661.672224,28.666852
Linux,500,13,177.290323,85.384936,2694.630052,26.580829
Linux,500,14,205.654551,74.49076,2694.463331,22.879414
Linux,500,15,190.512866,91.462311,2492.465575,23.500373
Linux,500,16,161.785263,88.372446,2630.693761,22.86811
Linux,500,17,178.243926,87.457031,3049.491349,38.029685
Linux,500,18,233.148212,88.660379,3045.779934,26.4848
Linux,500,19,213.860196,141.256769,3282.902469,22.398872
Linux,500,20,169.981959,85.112272,2370.248336,21.639438
Linux,500,21,154.803494,72.289644,2425.319919,23.425542
Linux,500,22,172.849966,75.917386,2384.61492,22.539555
Linux,500,23,157.185976,73.938325,2372.318543,23.689997
Linux,500,24,167.914469,73.45839,2408.187246,23.507711
Linux,500,25,159.039744,75.315693,2401.338112,23.089207
Linux,500,26,154.364873,68.670182,2389.582128,22.599067
Linux,500,27,165.699166,79.033026,2346.589285,22.815863
Linux,500,28,154.648514,71.420807,2394.676817,23.009854
Linux,500,29,166.369054,76.680004,2510.743683,27.088847
Linux,500,30,183.200174,76.012042,2561.2016,23.071828
Linux,500,31,171.127957,79.601954,2383.138775,23.131035
Linux,500,32,169.987888,75.211391,2390.730008,22.708097
Linux,500,33,167.812101,77.263133,2346.532544,22.365017
Linux,500,34,160.362188,69.370115,2350.333443,22.535365
Linux,500,35,156.587022,78.086198,2360.013112,22.667729
Linux,500,36,153.889537,68.886536,2356.912408,22.590184
Linux,500,37,154.441997,72.650846,2339.11755,22.746864
Linux,500,38,169.579575,73.167838,2369.138131,22.731888
Linux,500,39,167.571776,76.875444,2353.257184,22.555266
Linux,500,40,166.068495,72.938294,2372.563466,23.66848
Linux,500,41,169.688653,77.929188,2340.162783,22.573516
Linux,500,42,163.688251,76.879146,2325.960404,22.926438
Linux,500,43,157.281968,73.309102,2356.87094,22.281063
Linux,500,44,167.63021,74.469825,2357.172604,22.768228
Linux,500,45,167.013408,78.579112,2341.386887,22.959266
Linux,500,46,162.836542,70.505865,2352.315365,22.356931
Linux,500,47,169.06732,78.912822,2359.623387,22.640864
Linux,500,48,173.851559,75.30242,2288.644387,22.247892
Linux,500,49,169.960379,79.597432,2347.695163,22.107962
Linux,500,50,166.573562,73.597171,2345.409309,21.37721
Linux,500,51,154.143901,76.125699,2351.356587,22.575251
Linux,500,52,172.321196,75.52148,2344.566007,21.928969
Linux,500,53,155.741514,72.339755,2315.860412,22.231827
Linux,500,54,171.215094,74.497435,2321.634696,22.588787
Linux,500,55,171.028437,77.632441,2325.703381,22.437818
Linux,500,56,168.668568,73.523803,2333.416544,22.220333
Linux,500,57,170.318982,79.105008,2346.8189,22.907125
Linux,500,58,170.418462,73.701919,2332.775356,22.978652
Linux,500,59,163.94792,73.40028,2341.423679,22.320777
Linux,500,60,166.996335,75.397364,2339.803194,22.497124
Linux,500,61,159.025088,72.614416,2377.615308,22.770071
Linux,500,62,157.307929,69.157445,2334.3708,22.908165
Linux,500,63,154.537997,73.296197,2369.95923,22.927287
Linux,500,64,157.002581,71.057371,2340.351257,22.516739
Linux,500,65,162.910483,74.089262,2351.528693,23.284028
Linux,500,66,156.004697,68.783722,2332.226935,22.674817
Linux,500,67,158.150548,73.501925,2315.852046,22.494424
Linux,500,68,167.095275,72.970322,2324.688197,22.362813
Linux,500,69,172.265256,79.340198,2446.883512,33.804914
Linux,500,70,191.254308,84.433987,2296.577275,22.880238
Linux,500,71,154.978983,73.084764,2353.883909,23.05171
Linux,500,72,172.726438,75.509557,2369.527803,22.407174
Linux,500,73,157.162381,74.388189,2331.695789,22.632367
Linux,500,74,154.849685,70.081433,2333.156784,23.262855
Linux,500,75,174.195693,80.145944,2302.962815,22.764044
Linux,500,76,166.293757,73.039873,2353.578328,22.754231
Linux,500,77,170.654557,80.287249,2319.186249,23.046843
Linux,500,78,167.392401,74.410799,2349.804155,22.430163
Linux,500,79,169.282916,77.855632,2339.27178,23.130123
Linux,500,80,158.797198,74.201309,2315.882903,24.115611
Linux,500,81,155.192917,75.846272,2341.43889,23.089755
Linux,500,82,169.222828,74.635334,2335.747156,22.705771
Linux,500,83,172.542325,77.970764,2353.189456,22.318715
Linux,500,84,169.817942,73.172798,2313.878343,22.720966
Linux,500,85,167.190459,75.318813,2307.479475,21.968663
Linux,500,86,172.695288,74.651284,2670.464154,22.776355
Linux,500,87,171.101564,77.15527,2299.108853,22.378491
Linux,500,88,167.20964,75.289553,2342.388343,22.838787
Linux,500,89,169.883091,79.66982,2311.125606,22.155302
Linux,500,90,154.232828,68.94955,2329.790986,22.39235
Linux,500,91,158.33271,75.973916,2320.337838,22.605867
Linux,500,92,156.148835,70.735489,2347.671377,22.778694
Linux,500,93,167.805789,78.458492,2352.215128,23.215426
Linux,500,94,158.087722,68.941797,2314.437709,23.709895
Linux,500,95,172.109162,79.989387,2351.500854,22.726876
Linux,500,96,168.763351,73.760655,2311.026844,22.342459
Linux,500,97,155.39011,75.550399,2311.124079,22.945817
Linux,500,98,172.876665,71.338239,2313.205959,22.751801
Linux,500,99,169.496503,78.471116,2343.202219,22.118209
Linux,500,100,171.27248,73.94139,2313.279872,22.665749
Linux,600,1,254.708445,90.687843,2852.164745,26.708249
Linux,600,2,201.026013,90.006039,2747.095294,26.374794
Linux,600,3,195.919942,93.658845,2787.680999,27.149385
Linux,600,4,191.275512,89.950228,2741.222005,28.797604
Linux,600,5,203.736867,92.880153,2785.324292,26.7113
Linux,600,6,201.166097,88.943077,2783.601442,26.85269
Linux,600,7,201.898062,94.832669,2759.879348,26.917601
Linux,600,8,201.931956,83.973849,2813.273983,26.591043
Linux,600,9,201.043502,92.106571,3168.581396,26.82058
Linux,600,10,203.802518,94.20633,2822.910974,26.804637
Linux,600,11,183.572422,85.995786,2811.394212,26.857374
Linux,600,12,192.986938,87.962412,2825.88056,26.643109
Linux,600,13,196.621804,88.201473,2793.61697,26.728526
Linux,600,14,188.098773,82.858312,2800.966046,26.243979
Linux,600,15,201.844086,92.749687,2798.63617,27.15721
Linux,600,16,200.321816,87.967009,2768.783503,27.097687
Linux,600,17,188.531006,88.698131,2833.1037,26.760456
Linux,600,18,193.866086,83.727873,2793.813073,26.891081
Linux,600,19,204.640132,94.052397,2810.540849,26.829876
Linux,600,20,200.986643,82.014132,2765.163355,26.963895
Linux,600,21,201.804822,87.864041,2751.311531,26.288707
Linux,600,22,191.309802,88.544992,2795.162753,27.28472
Linux,600,23,199.696659,93.995002,2823.260406,26.661728
Linux,600,24,200.764469,88.126351,2811.419721,27.040635
Linux,600,25,202.827533,92.601015,2852.19704,25.167429
Linux,600,26,184.45134,84.270874,2772.806286,27.450831
Linux,600,27,198.022728,87.732653,3117.237515,26.653558
Linux,600,28,203.208713,87.701356,3010.669572,26.765475
Linux,600,29,201.77781,91.494587,2840.85677,26.788402
Linux,600,30,200.636122,89.668052,2845.493914,26.546033
Linux,600,31,201.238995,93.170627,2775.696521,26.660356
Linux,600,32,203.562028,90.5703,2805.519527,26.887297
Linux,600,33,185.563703,91.786106,2833.434632,27.122412
Linux,600,34,203.853975,83.477269,2802.431197,27.044124
Linux,600,35,183.793961,87.411657,3114.793558,27.312204
Linux,600,36,206.272903,88.923654,2800.089121,26.499099
Linux,600,37,204.288069,94.800424,2773.081293,26.656704
Linux,600,38,200.152863,88.87383,2815.752469,27.375829
Linux,600,39,201.487474,92.979617,2772.667623,26.588309
Linux,600,40,184.605997,87.713587,2786.228505,26.668672
Linux,600,41,200.764,91.887854,2773.713041,26.557634
Linux,600,42,188.332589,83.653366,2801.420596,26.7599
Linux,600,43,202.087482,93.572427,2778.598543,26.656069
Linux,600,44,186.474703,82.684095,2791.946205,26.760188
Linux,600,45,201.563206,94.779519,2783.957768,27.935812
Linux,600,46,202.240421,88.270464,2772.371499,27.257859
Linux,600,47,203.149895,87.754029,2784.232758,26.885845
Linux,600,48,198.113042,87.887906,2802.73,26.423664
Linux,600,49,199.213716,91.740023,2801.389404,26.839763
Linux,600,50,200.341222,89.221213,2765.626413,26.704541
Linux,600,51,185.475192,87.634958,2826.539438,26.74219
Linux,600,52,200.221072,88.024906,2791.866644,26.671425
Linux,600,53,204.094114,93.264024,2780.299234,26.337791
Linux,600,54,197.727443,87.271636,2772.915442,26.771249
Linux,600,55,198.10043,91.333703,2798.807301,27.770434
Linux,600,56,204.088275,87.892684,2819.322307,26.886232
Linux,600,57,194.582696,90.862138,2810.918936,27.82358
Linux,600,58,187.434461,83.703359,2848.32461,26.896367
Linux,600,59,184.163461,87.211508,2818.595422,26.938826
Linux,600,60,191.777552,86.686064,2794.676613,26.354837
Linux,600,61,194.511921,91.530438,2787.401034,26.396449
Linux,600,62,185.132164,83.512324,2852.365251,26.712504
Linux,600,63,187.490913,88.943903,2819.784951,26.958599
Linux,600,64,192.245559,84.797181,2778.940668,27.137294
Linux,600,65,194.17985,88.743341,2833.389449,27.571933
Linux,600,66,189.782533,86.460929,2835.58741,26.861965
Linux,600,67,185.707459,87.075328,2850.21446,27.164953
Linux,600,68,184.447386,83.247106,2926.208493,31.125827
Linux,600,69,214.704078,97.919522,3093.476047,35.155568
Linux,600,70,242.745333,126.724951,3397.470034,33.478865
Linux,600,71,226.737321,116.63203,3217.996019,31.103403
Linux,600,72,213.125226,93.407272,3136.774951,42.176634
Linux,600,73,232.558961,98.516864,3167.510836,29.303988
Linux,600,74,235.290642,96.53917,3058.183162,28.553382
Linux,600,75,223.92497,102.445775,2964.643774,29.714968
Linux,600,76,213.504153,93.92521,2959.497941,29.515122
Linux,600,77,302.906308,150.547086,3028.331924,27.439561
Linux,600,78,224.246963,100.356448,2902.020368,27.482198
Linux,600,79,198.629923,93.739306,2860.936316,27.288771
Linux,600,80,203.31561,95.067619,2896.874529,27.571995
Linux,600,81,204.571245,98.395029,2833.762867,28.086729
Linux,600,82,224.212002,100.213294,3296.463562,27.954423
Linux,600,83,219.689173,100.377965,2935.797576,31.886238
Linux,600,84,226.169921,106.941,2941.930962,28.019814
Linux,600,85,224.041271,101.193941,2869.76015,26.71181
Linux,600,86,196.765734,88.319617,2877.170858,27.736978
Linux,600,87,203.488951,94.629377,2937.236032,28.982957
Linux,600,88,207.657584,95.554798,2877.036377,26.992669
Linux,600,89,189.361679,88.127571,2870.926889,27.608979
Linux,600,90,201.966174,87.914855,2900.060012,28.066404
Linux,600,91,223.020183,103.188734,2916.888198,30.999955
Linux,600,92,222.785743,96.752622,2985.502009,36.431034
Linux,600,93,228.061597,103.272691,2984.326474,27.557258
Linux,600,94,225.551017,98.533726,2975.509124,27.762188
Linux,600,95,204.236119,93.659799,2955.912269,27.536976
Linux,600,96,202.934247,89.030925,2899.393238,27.677861
Linux,600,97,203.557662,94.608886,2892.689372,27.151327
Linux,600,98,203.053558,87.905914,2910.780997,27.594108
Linux,600,99,237.373068,100.613316,2953.475073,39.115057
Linux,600,100,287.259001,94.883643,3138.027156,27.836929
Linux,700,1,292.274618,167.789507,3676.890143,34.49648
Linux,700,2,264.169954,126.791827,3487.19715,40.097775
Linux,700,3,258.782751,122.245012,3484.188607,32.713478
Linux,700,4,234.482589,106.600117,3362.6869,32.101193
Linux,700,5,236.023337,111.705376,3473.517114,34.829821
Linux,700,6,243.247372,106.836098,3291.767635,32.631368
Linux,700,7,237.941716,118.278773,3262.679562,36.622374
Linux,700,8,258.828401,116.084141,3444.344101,33.840319
Linux,700,9,257.739713,118.650875,3468.85203,33.183796
Linux,700,10,258.665843,114.914931,3523.785312,33.217634
Linux,700,11,262.23448,120.389241,3436.318454,33.055766
Linux,700,12,260.547279,113.986142,3430.11412,33.423797
Linux,700,13,259.559882,121.63692,3427.467608,32.66086
Linux,700,14,257.190318,114.117092,3411.309431,33.491091
Linux,700,15,260.351885,119.547322,3348.652209,31.74462
Linux,700,16,242.481461,105.181324,3307.220429,32.523195
Linux,700,17,242.424551,113.303514,3297.656471,44.472321
Linux,700,18,250.706485,106.568747,8034.588328,111.917756
Linux,700,19,662.658357,273.216287,5957.008841,46.62627
Linux,700,20,342.504075,152.747128,4336.66696,34.277334
Linux,700,21,254.132677,120.372407,4033.67315,33.380491
Linux,700,22,251.643202,114.645216,4038.542837,43.257247
Linux,700,23,286.339493,133.586466,3674.560998,32.365029
Linux,700,24,231.375284,104.697375,3679.932427,32.513793
Linux,700,25,243.086133,112.556818,4334.392186,40.584087
Linux,700,26,283.685029,140.652362,3942.446347,54.242345
Linux,700,27,280.648193,152.994255,4192.697739,43.792089
Linux,700,28,276.578394,147.593728,4374.863079,45.157425
Linux,700,29,307.592025,143.862871,4050.708285,63.458679
Linux,700,30,320.778888,173.848339,4312.295301,44.944908
Linux,700,31,312.124649,129.468131,4541.307511,44.28201
Linux,700,32,296.015148,175.279229,6305.905496,76.413633
Linux,700,33,615.431803,474.769174,7706.579266,70.008843
Linux,700,34,496.317688,498.922344,7181.667246,90.300049
Linux,700,35,586.428044,467.241553,6857.878014,87.723144
Linux,700,36,563.657357,517.696414,6812.190788,70.093049
Linux,700,37,535.119999,501.915153,7081.66045,75.74176
Linux,700,38,543.921921,436.474491,7079.430206,71.071753
Linux,700,39,541.624029,421.492192,7028.896251,74.650329
Linux,700,40,517.411678,444.3112,6872.824412,72.32102
Linux,700,41,555.685428,444.487424,6915.110674,80.048868
Linux,700,42,560.92613,443.211098,7131.079921,94.511389
Linux,700,43,522.16814,446.798839,7226.196001,74.584208
Linux,700,44,546.472424,460.071709,6963.454888,79.94488
Linux,700,45,584.739845,507.956303,7721.692457,121.904029
Linux,700,46,581.998905,566.440173,7431.77254,106.765742
Linux,700,47,613.192383,481.636352,7561.840927,100.252258
Linux,700,48,533.601257,440.064111,7145.416065,68.377941
Linux,700,49,557.16196,477.638557,7195.634106,95.032695
Linux,700,50,551.709067,540.438302,6943.973395,115.242401
Linux,700,51,525.600574,546.293931,7405.541365,101.584568
Linux,700,52,576.578805,462.941209,7487.402738,97.658003
Linux,700,53,555.270336,480.0802,6996.711088,67.431898
Linux,700,54,492.034876,433.295189,7324.780154,71.897028
Linux,700,55,508.71858,505.672144,7333.566193,73.516948
Linux,700,56,501.804096,499.426587,7497.281354,87.809749
Linux,700,57,536.61822,409.796089,7085.842021,92.197352
Linux,700,58,555.270636,479.998067,7292.387974,104.289373
Linux,700,59,461.322776,438.501885,7100.62396,99.423259
Linux,700,60,523.919119,436.976437,7592.527161,72.524109
Linux,700,61,534.949684,560.652673,6959.097375,111.115856
Linux,700,62,528.685417,486.921562,6719.01997,76.952007
Linux,700,63,537.489693,546.464615,7155.859064,99.443134
Linux,700,64,614.630131,498.136232,6876.099178,69.397205
Linux,700,65,550.227577,422.965434,6855.365359,107.568702
Linux,700,66,601.131413,497.406014,7184.699946,80.253636
Linux,700,67,548.112803,410.317234,6813.783083,106.670669
Linux,700,68,521.796856,414.077525,6960.718529,110.878374
Linux,700,69,631.818686,491.258389,6891.52742,86.72456
Linux,700,70,592.467028,425.138563,7168.830287,104.141404
Linux,700,71,578.904122,567.694718,4974.405504,33.245371
Linux,700,72,246.235024,105.737479,3477.719488,32.600794
Linux,700,73,240.062986,110.375566,3416.417308,32.319629
Linux,700,74,236.151486,105.303524,3579.680393,32.783181
Linux,700,75,219.837276,103.53411,3589.434699,33.788054
Linux,700,76,235.831223,102.788505,3459.634013,33.273528
Linux,700,77,233.073579,105.889399,3486.281147,33.012167
Linux,700,78,236.166204,104.289631,3494.372524,31.406773
Linux,700,79,227.034712,106.350914,3495.553852,33.098774
Linux,700,80,219.267296,95.472596,3562.575233,38.656278
Linux,700,81,258.95825,120.765821,3557.086423,32.57049
Linux,700,82,239.084444,103.909605,3385.235259,32.581832
Linux,700,83,236.2829,109.45536,3421.60303,32.852107
Linux,700,84,235.63706,104.020337,3396.796639,32.741588
Linux,700,85,235.977881,110.131904,3381.550091,33.318919
Linux,700,86,239.321692,104.457941,3325.29488,32.561262
Linux,700,87,239.583969,110.112413,3418.914904,32.56433
Linux,700,88,218.281114,96.358632,3419.05566,33.094424
Linux,700,89,215.421378,99.651664,3653.367737,32.848511
Linux,700,90,216.281167,95.604196,3381.648215,32.312064
Linux,700,91,237.615924,104.042597,3346.395975,33.03331
Linux,700,92,236.546563,102.607927,3588.231015,31.724442
Linux,700,93,238.430288,108.010659,3372.875803,32.317537
Linux,700,94,236.445552,105.277877,3402.466449,32.681062
Linux,700,95,236.88877,109.409978,3397.389914,32.346017
Linux,700,96,230.953537,98.641382,3351.116297,32.22133
Linux,700,97,236.79281,111.594379,3366.430378,32.305464
Linux,700,98,232.743565,104.323009,3373.886016,30.75729
Linux,700,99,234.881696,109.220354,3372.434126,32.391592
Linux,700,100,219.864611,98.630841,3373.3042,32.911331
Linux,800,1,274.361067,130.068058,3801.583979,39.705262
Linux,800,2,272.006405,122.40645,3921.092193,37.268169
Linux,800,3,264.49824,118.907149,3808.944599,37.144702
Linux,800,4,268.175752,117.75,3802.57648,36.399718
Linux,800,5,271.835885,125.308727,3836.408965,36.915841
Linux,800,6,270.929365,119.396555,3855.331522,37.03841
Linux,800,7,271.16402,130.761972,3824.72071,36.880998
Linux,800,8,271.747781,121.095601,3715.106178,36.516004
Linux,800,9,270.2809,124.31805,3859.558593,36.981863
Linux,800,10,269.005264,117.80451,3777.790169,36.867642
Linux,800,11,275.405116,135.767636,4089.6273,37.486528
Linux,800,12,271.020835,117.462403,3813.487356,37.027999
Linux,800,13,270.185812,117.415481,3843.273325,36.802349
Linux,800,14,266.200624,113.118926,3816.737078,36.679813
Linux,800,15,269.268348,122.686483,3644.007717,37.186192
Linux,800,16,269.137709,118.982853,3849.23822,36.870413
Linux,800,17,270.187899,127.075048,3778.28198,34.402292
Linux,800,18,250.958104,111.906573,3816.038132,36.667391
Linux,800,19,271.086362,123.647445,3799.779844,36.899139
Linux,800,20,252.424669,117.814308,3831.372007,36.422306
Linux,800,21,272.019858,125.513639,3774.389538,36.552591
Linux,800,22,252.889417,119.403691,3807.721475,37.48283
Linux,800,23,257.43767,117.697526,3818.659576,36.786813
Linux,800,24,269.208106,120.57151,3782.715033,36.414579
Linux,800,25,270.282686,127.634749,3823.201882,37.167145
Linux,800,26,270.57202,121.014053,3831.908456,36.526319
Linux,800,27,270.904812,127.345053,3691.698509,37.999844
Linux,800,28,267.944898,116.617466,3817.654615,37.422813
Linux,800,29,269.166258,127.626522,3838.166549,40.021254
Linux,800,30,268.742618,118.60682,4135.420653,37.859451
Linux,800,31,271.778234,116.539975,4018.925524,46.06283
Linux,800,32,294.565735,136.062059,3858.306282,37.583333
Linux,800,33,267.902507,123.824599,3814.565161,36.827781
Linux,800,34,269.632375,118.488545,3809.600574,36.740376
Linux,800,35,268.415751,117.423725,3771.294995,34.598813
Linux,800,36,264.970564,121.312626,3751.289772,36.046653
Linux,800,37,266.729554,124.187316,3805.935726,38.72783
Linux,800,38,267.094373,111.782626,3823.634745,36.458096
Linux,800,39,269.39523,118.446479,3810.881071,37.043946
Linux,800,40,249.064393,109.624313,3845.11273,44.102152
Linux,800,41,293.562109,138.06892,3976.334538,36.203943
Linux,800,42,270.735416,119.656023,3791.083783,36.297206
Linux,800,43,269.990624,125.227541,3789.20667,36.224387
Linux,800,44,248.330307,112.526801,3788.63976,36.462988
Linux,800,45,275.195307,124.753533,3785.811962,39.083009
Linux,800,46,270.46131,117.491257,3824.005581,36.635143
Linux,800,47,259.969383,117.909697,3778.736695,37.040608
Linux,800,48,268.264511,118.275563,3822.478768,36.897986
Linux,800,49,269.210644,119.160681,3759.087943,37.668582
Linux,800,50,272.564149,116.914258,3728.958885,36.730753
Linux,800,51,269.973343,121.393786,3803.552888,36.599117
Linux,800,52,268.841491,117.466962,3788.02053,36.948229
Linux,800,53,269.812392,117.988448,3801.909847,37.187008
Linux,800,54,273.856361,120.304727,3750.089195,35.520344
Linux,800,55,252.013023,120.877507,3822.868659,36.408134
Linux,800,56,269.915457,119.108077,3756.313555,36.655067
Linux,800,57,278.284587,213.784163,3901.733263,37.029697
Linux,800,58,249.582255,113.443328,3789.772346,37.272077
Linux,800,59,251.873969,118.881901,3833.096247,37.092626
Linux,800,60,249.183802,121.034853,3781.947402,37.590989
Linux,800,61,271.958366,137.132091,3938.175904,37.480035
Linux,800,62,270.415507,117.599585,3767.5569,36.25716
Linux,800,63,272.912112,125.164425,3772.140377,36.715337
Linux,800,64,269.742442,118.318028,3790.910254,36.476796
Linux,800,65,269.708802,125.17112,3807.056842,38.050704
Linux,800,66,269.035031,113.219214,3767.76449,36.451045
Linux,800,67,257.5025,123.192357,3776.683429,38.053868
Linux,800,68,271.597137,120.339783,3734.225494,36.686365
Linux,800,69,271.442791,125.090265,3786.622026,36.287265
Linux,800,70,269.066559,119.498366,3821.043771,36.663721
Linux,800,71,269.487812,125.749777,3792.711797,36.717387
Linux,800,72,271.937088,119.402477,3718.272607,36.03964
Linux,800,73,266.247983,120.527354,3863.50081,36.391726
Linux,800,74,270.02838,118.884928,3760.707991,36.591013
Linux,800,75,267.749856,125.268477,3810.701058,36.524837
Linux,800,76,267.930633,119.57496,3816.35473,35.963487
Linux,800,77,270.854319,126.370702,3777.490598,38.247706
Linux,800,78,269.500787,116.649292,3816.748121,36.396852
Linux,800,79,267.799893,124.293867,3763.505016,36.82096
Linux,800,80,269.54675,118.33005,3812.267569,36.650039
Linux,800,81,270.596609,124.670412,3760.280753,36.790309
Linux,800,82,271.312474,118.262222,3801.113297,37.917082
Linux,800,83,269.319657,117.152768,3757.161967,36.573876
Linux,800,84,270.71044,113.992536,3749.91191,36.690671
Linux,800,85,272.66922,126.1925,3792.164253,36.61024
Linux,800,86,270.94492,119.738214,3761.500774,38.191376
Linux,800,87,271.791432,117.364351,3804.893655,36.711685
Linux,800,88,269.704704,118.145148,3768.367818,36.028995
Linux,800,89,270.941606,124.37914,3772.055578,37.619134
Linux,800,90,268.472052,118.763616,3748.952057,35.844165
Linux,800,91,271.13452,125.129164,3779.724915,38.063934
Linux,800,92,268.965916,118.633802,3815.129407,36.505388
Linux,800,93,271.531989,123.60485,3811.094792,37.492682
Linux,800,94,268.890433,118.00062,3779.396113,38.66754
Linux,800,95,270.680174,124.879865,3792.239879,38.048703
Linux,800,96,270.224591,120.205953,4136.487363,37.473149
Linux,800,97,271.148857,125.170046,3745.47733,38.031145
Linux,800,98,269.881325,122.555502,3791.815975,38.697359
Linux,800,99,268.831944,124.746099,3801.442677,36.846697
Linux,800,100,271.557845,118.406468,3756.330372,36.385879
Linux,900,1,314.038738,144.480087,4270.473388,42.708217
Linux,900,2,292.131689,134.37395,4245.945677,42.723267
Linux,900,3,309.574149,138.900466,4255.709934,41.145778
Linux,900,4,286.941706,130.995469,4277.424497,43.315108
Linux,900,5,302.706844,139.173056,5570.77131,53.047123
Linux,900,6,375.270132,161.340499,4604.69112,42.810357
Linux,900,7,306.213309,146.165653,4335.687783,41.859898
Linux,900,8,302.761597,132.664755,4327.870817,41.464104
Linux,900,9,302.898922,141.325336,4297.223599,41.34182
Linux,900,10,299.164714,131.18997,4239.966354,42.05494
Linux,900,11,301.431516,140.42771,4254.238027,42.044075
Linux,900,12,300.583708,132.934834,4306.249571,41.342521
Linux,900,13,301.933427,140.584366,6613.169878,147.333672
Linux,900,14,777.276177,277.63501,10024.234438,97.695856
Linux,900,15,540.094864,512.809546,8618.512681,88.934145
Linux,900,16,639.752215,523.416587,8326.956424,85.602703
Linux,900,17,605.519702,572.253608,8201.54903,88.443843
Linux,900,18,565.441787,576.640006,8485.731869,106.720162
Linux,900,19,651.024849,523.225031,9134.58596,85.572474
Linux,900,20,648.483181,614.737247,8600.571436,138.539764
Linux,900,21,673.106116,622.378986,8360.431796,98.809999
Linux,900,22,729.632136,626.503034,8629.214782,85.340935
Linux,900,23,583.134085,521.797016,7952.066351,127.884372
Linux,900,24,628.592225,505.849721,8609.115217,108.069059
Linux,900,25,615.962751,534.106673,9209.865404,87.823445
Linux,900,26,568.172176,529.65147,7917.591601,87.71236
Linux,900,27,620.346209,585.884928,8477.408731,83.947468
Linux,900,28,568.043945,623.426748,7963.287633,151.968073
Linux,900,29,638.218896,488.179321,8587.818663,83.916717
Linux,900,30,568.730474,516.94696,8093.611081,140.367612
Linux,900,31,712.668789,518.004914,8751.976903,87.178075
Linux,900,32,697.580091,541.614604,8767.161274,85.211849
Linux,900,33,702.33168,560.928803,8043.731873,86.788078
Linux,900,34,558.294134,620.860842,9426.079683,141.447628
Linux,900,35,754.030992,491.719804,8517.725549,46.264255
Linux,900,36,322.303591,130.031597,4802.818557,45.506466
Linux,900,37,304.618165,417.781819,8201.245738,101.706268
Linux,900,38,585.821699,588.765915,8926.149464,92.005458
Linux,900,39,632.114068,535.056098,8574.936121,106.645922
Linux,900,40,701.898808,568.512569,9365.113476,83.753753
Linux,900,41,556.810915,547.496052,8028.362608,108.04667
Linux,900,42,707.777814,519.108895,8028.72252,86.843161
Linux,900,43,608.700243,601.81687,7819.605005,95.910469
Linux,900,44,732.662828,573.036663,7878.714049,86.000823
Linux,900,45,701.768277,526.074673,8624.463994,89.12179
Linux,900,46,680.566331,507.127885,8654.257089,85.768409
Linux,900,47,655.996429,548.805546,8177.330183,142.948246
Linux,900,48,562.19797,600.514211,8371.25115,141.256047
Linux,900,49,738.347187,556.65303,8627.4751,85.137317
Linux,900,50,565.132339,539.869894,7911.478193,117.415062
Linux,900,51,609.904161,529.189964,7956.615266,95.585073
Linux,900,52,619.821779,617.233606,8969.794714,91.17303
Linux,900,53,671.301049,548.971293,8689.203399,137.397953
Linux,900,54,741.880662,596.701996,9539.380679,87.930846
Linux,900,55,717.384576,560.586424,7913.425543,83.329476
Linux,900,56,678.776984,585.409678,8672.724858,124.723484
Linux,900,57,689.072671,584.231809,8525.770605,111.528502
Linux,900,58,675.530105,509.977849,9311.30227,137.17705
Linux,900,59,683.116119,539.959838,8295.824422,111.258674
Linux,900,60,663.364307,519.214223,8269.455251,125.106835
Linux,900,61,699.153062,548.907086,8820.893226,138.756777
Linux,900,62,706.620966,508.407001,8273.036268,87.182193
Linux,900,63,803.658605,565.57498,8897.30139,83.607635
Linux,900,64,634.187118,534.037874,8771.461226,83.33058
Linux,900,65,623.964045,517.857477,8053.601766,90.781575
Linux,900,66,580.743473,661.045477,8277.721069,109.015828
Linux,900,67,574.262771,506.172477,8454.139275,82.957075
Linux,900,68,573.831687,498.573539,8197.613476,116.75615
Linux,900,69,789.570873,531.291651,8258.353939,84.985722
Linux,900,70,558.142858,625.028989,8206.170144,82.882033
Linux,900,71,650.161313,541.217377,8676.027181,89.357077
Linux,900,72,583.27445,559.434756,8836.383059,129.990515
Linux,900,73,802.030101,607.05889,8103.779271,115.705753
Linux,900,74,686.025971,547.143602,7840.064789,116.2503
Linux,900,75,709.184323,517.915495,8629.752866,84.257688
Linux,900,76,641.908274,518.760018,9070.315425,144.042188
Linux,900,77,707.117538,534.512602,8580.26254,113.112161
Linux,900,78,665.990889,515.51155,9193.491255,95.980952
Linux,900,79,544.845504,542.820743,8598.434009,101.375744
Linux,900,80,660.890177,563.837228,8703.628166,108.297158
Linux,900,81,601.351295,509.387737,9330.581814,87.00404
Linux,900,82,576.468449,672.396941,9085.288442,93.287339
Linux,900,83,637.085841,617.15013,9116.246702,101.426265
Linux,900,84,803.818516,645.274432,8842.525745,143.450636
Linux,900,85,711.197888,618.97107,8668.391477,132.216866
Linux,900,86,596.230462,561.570543,8777.38328,85.925565
Linux,900,87,605.569934,497.578004,8287.838071,89.901694
Linux,900,88,649.269475,554.36172,8634.765768,140.951157
Linux,900,89,614.405726,543.00254,8781.569879,85.469016
Linux,900,90,616.267429,500.307846,8743.392363,107.027295
Linux,900,91,648.363167,539.390625,9250.063033,98.960947
Linux,900,92,594.214232,495.284675,7930.677173,82.04453
Linux,900,93,613.416894,566.505938,8337.847785,87.98161
Linux,900,94,577.004181,666.707791,9058.386039,138.992114
Linux,900,95,631.843671,596.848918,9179.940361,143.607432
Linux,900,96,693.937685,512.805949,8632.858491,107.27656
Linux,900,97,644.233307,533.603791,8491.074074,120.9304
Linux,900,98,689.696788,570.442297,8410.499418,97.438076
Linux,900,99,686.421944,570.263323,9049.451247,89.640577
Linux,900,100,750.898465,561.744507,8871.297204,119.629335
Linux,1000,1,685.689111,714.04695,9340.690847,95.9945
Linux,1000,2,643.410421,667.865085,10070.344496,117.402906
Linux,1000,3,657.29561,230.558114,5308.268958,49.22965
Linux,1000,4,341.885031,150.208359,5365.610819,51.321749
Linux,1000,5,342.738845,157.087936,5243.289448,50.698905
Linux,1000,6,335.947503,150.2793,5043.890181,61.06416
Linux,1000,7,346.322403,158.413503,5046.661755,47.881515
Linux,1000,8,341.997945,147.155214,5030.156136,48.117207
Linux,1000,9,340.001735,156.676657,4951.929802,48.454692
Linux,1000,10,341.958566,162.178517,4914.525487,48.219067
Linux,1000,11,321.538096,152.406433,4923.999279,48.154791
Linux,1000,12,338.503917,148.461269,4945.485099,47.091868
Linux,1000,13,342.233729,156.124903,5204.194824,47.403028
Linux,1000,14,328.438463,148.873936,4885.605645,46.680621
Linux,1000,15,328.057339,152.621974,4894.7347,47.349537
Linux,1000,16,326.772822,145.816256,4873.198136,47.822919
Linux,1000,17,326.094242,156.533945,4878.585508,48.549694
Linux,1000,18,325.039858,144.978706,4864.086028,48.071678
Linux,1000,19,326.809126,154.000793,4847.804873,47.552961
Linux,1000,20,328.033933,143.043196,4872.302389,47.278595
Linux,1000,21,330.688798,151.653972,4832.575105,47.973874
Linux,1000,22,322.185259,145.278298,4832.332844,47.174752
Linux,1000,23,328.399964,152.278005,4797.848419,47.022543
Linux,1000,24,325.042537,142.279894,4971.067409,60.659516
Linux,1000,25,370.550694,166.859662,4813.135607,46.870843
Linux,1000,26,322.482448,144.665343,4800.221131,48.42929
Linux,1000,27,330.536889,151.767185,4802.722207,48.117177
Linux,1000,28,326.027463,146.236552,4790.384318,47.571145
Linux,1000,29,309.635704,146.549114,4780.713826,46.8642
Linux,1000,30,319.639823,138.01441,4793.809346,47.050444
Linux,1000,31,329.64293,155.684671,4775.538631,48.793094
Linux,1000,32,327.156275,144.6797,4795.605777,47.254793
Linux,1000,33,331.897097,152.070936,4767.882648,47.988804
Linux,1000,34,329.457401,141.814803,4759.165392,48.702108
Linux,1000,35,314.622011,145.657612,4768.504214,48.196101
Linux,1000,36,324.192803,144.409022,4751.180021,47.340161
Linux,1000,37,329.649414,151.007311,5058.97253,49.250742
Linux,1000,38,344.181989,150.945125,4933.249739,46.678978
Linux,1000,39,338.969029,154.512969,4736.11884,46.95379
Linux,1000,40,332.675211,147.125665,4738.795039,48.764615
Linux,1000,41,339.066993,152.352436,4732.686429,47.117732
Linux,1000,42,310.517377,142.400705,4767.047235,50.875167
Linux,1000,43,343.769601,155.438957,4730.885201,48.585449
Linux,1000,44,339.664196,147.173786,4755.498733,48.692053
Linux,1000,45,335.97007,155.50661,4719.369353,48.191847
Linux,1000,46,340.895762,146.861528,4759.247627,48.807831
Linux,1000,47,338.337113,156.511973,4722.000932,48.820971
Linux,1000,48,339.277751,139.308549,4708.580328,47.271642
Linux,1000,49,311.128514,147.484142,4730.112724,47.22925
Linux,1000,50,318.707827,139.693707,4733.195067,48.566444
Linux,1000,51,335.780853,165.183348,4736.004847,49.636973
Linux,1000,52,341.457562,148.163692,4762.609367,48.017102
Linux,1000,53,336.299928,156.961085,4692.648575,48.362175
Linux,1000,54,338.604156,148.403867,4742.737455,48.124156
Linux,1000,55,338.692172,156.403856,4715.464182,47.221755
Linux,1000,56,318.011132,150.218526,4721.443907,48.427998
Linux,1000,57,342.604563,155.569283,4722.439001,48.685047
Linux,1000,58,342.73426,150.576366,4712.343733,47.296836
Linux,1000,59,321.463508,157.644987,4706.233721,49.503028
Linux,1000,60,335.460031,147.932478,4703.669584,46.720644
Linux,1000,61,317.721716,150.694645,4709.629843,48.001244
Linux,1000,62,337.130534,147.63663,4752.313924,48.595068
Linux,1000,63,326.501114,147.824629,4716.838254,48.443712
Linux,1000,64,325.132501,148.850347,4696.054112,46.702178
Linux,1000,65,336.050911,157.434505,4686.1622,48.718038
Linux,1000,66,338.584934,150.769311,4668.023049,48.627145
Linux,1000,67,342.534123,154.892494,4875.708643,57.890168
Linux,1000,68,363.238065,171.935535,4757.190116,48.591476
Linux,1000,69,334.868302,155.640599,4719.281743,52.399954
Linux,1000,70,339.658012,146.038262,4706.714795,48.602046
Linux,1000,71,340.52241,156.268147,4959.374875,48.559461
Linux,1000,72,338.295142,151.964463,4905.839764,48.164872
Linux,1000,73,341.538529,157.769289,4763.85468,49.348441
Linux,1000,74,338.604735,147.830924,4746.482665,46.844016
Linux,1000,75,324.828933,157.475514,4734.085941,48.803008
Linux,1000,76,339.752863,147.312156,4689.57505,48.143365
Linux,1000,77,316.227879,149.332157,4711.030919,47.403088
Linux,1000,78,313.139001,139.578337,4713.747795,46.572741
Linux,1000,79,317.512424,146.060169,4905.536126,49.248037
Linux,1000,80,339.196674,147.641248,4754.947926,48.453984
Linux,1000,81,341.124093,158.672856,4758.438017,48.750069
Linux,1000,82,336.527205,148.583153,4680.212216,48.527113
Linux,1000,83,336.665015,156.469633,5145.269999,48.039101
Linux,1000,84,325.306637,151.418235,4714.389022,48.185633
Linux,1000,85,346.593017,158.513592,4778.690266,47.297231
Linux,1000,86,314.393862,140.601202,4712.956247,48.518794
Linux,1000,87,339.768282,150.203616,4750.386075,49.233668
Linux,1000,88,338.301846,148.377321,4678.294648,48.434485
Linux,1000,89,344.458925,161.717417,4654.804111,49.820041
Linux,1000,90,340.584114,148.752194,4712.730641,48.966803
Linux,1000,91,340.435726,152.68181,4745.16664,49.462202
Linux,1000,92,335.025967,150.600904,4752.155745,49.134514
Linux,1000,93,343.735919,159.461619,4671.700359,48.23242
Linux,1000,94,340.350903,147.466792,4908.378284,49.637286
Linux,1000,95,346.596083,156.879307,4704.498664,46.918711
Linux,1000,96,329.633032,150.867559,4687.27646,47.783894
Linux,1000,97,345.516697,155.916525,4568.987243,49.008832
Linux,1000,98,343.367735,143.670263,4656.732264,48.831703
Linux,1000,99,344.177944,156.927441,4676.449402,48.202336
Linux,1000,100,341.763026,150.950952,4902.204891,54.090913
Windows,100,1,16.9864,47.9206,467.4915,6.2056
Windows,100,2,18.2354,48.5208,454.7904,6.3891
Windows,100,3,17.4311,51.3597,461.1891,6.1272
Windows,100,4,18.1852,48.687,454.4182,6.1167
Windows,100,5,17.5524,50.1126,461.3317,6.4601
Windows,100,6,17.5004,47.5524,463.9995,6.344
Windows,100,7,17.0857,48.4272,457.865,6.061
Windows,100,8,16.0834,45.6452,480.8235,6.3893
Windows,100,9,18.0276,50.7588,453.8034,6.1778
Windows,100,10,17.6261,48.2948,471.6827,6.3389
Windows,100,11,17.524,47.3359,464.0512,6.9849
Windows,100,12,19.4839,55.7091,451.6837,5.9564
Windows,100,13,16.8424,46.3936,465.1941,6.5158
Windows,100,14,17.8161,48.7907,466.576,6.0674
Windows,100,15,16.9281,49.4584,464.72,6.6377
Windows,100,16,17.6829,50.6989,454.3325,6.3969
Windows,100,17,16.6732,47.6336,464.2182,6.3148
Windows,100,18,18.5465,50.0448,464.7909,6.4222
Windows,100,19,17.1569,47.0658,470.7418,6.314
Windows,100,20,17.3986,49.3994,461.698,5.9827
Windows,100,21,16.1563,48.8583,471.4288,6.3187
Windows,100,22,17.6255,49.6711,456.8655,6.2862
Windows,100,23,16.8835,45.5372,473.6706,6.4933
Windows,100,24,17.1007,47.5558,469.5624,7.0277
Windows,100,25,18.1438,49.8893,478.7682,6.1735
Windows,100,26,17.6953,52.2511,475.0565,6.4492
Windows,100,27,17.7596,47.873,471.9436,6.7401
Windows,100,28,17.2536,47.4685,477.4746,6.9399
Windows,100,29,17.3461,52.4999,466.3128,6.1457
Windows,100,30,17.7355,48.3951,502.5574,7.8183
Windows,100,31,18.6934,48.1136,474.6215,6.5912
Windows,100,32,17.6891,48.2715,480.7148,6.101
Windows,100,33,17.444,48.2351,467.2201,6.4355
Windows,100,34,17.9985,49.5343,488.7553,7.4882
Windows,100,35,18.7047,49.4085,478.4091,6.8737
Windows,100,36,19.6929,46.1532,472.2271,5.945
Windows,100,37,16.8918,47.6327,486.8943,7.0598
Windows,100,38,16.5646,47.9637,465.8269,6.2806
Windows,100,39,17.2234,50.8401,471.7772,6.0838
Windows,100,40,16.367,51.1767,475.6337,6.2941
Windows,100,41,17.8233,49.2964,468.0816,6.5027
Windows,100,42,17.3687,46.6871,527.9245,6.1411
Windows,100,43,16.8654,51.478,475.6625,6.3037
Windows,100,44,17.7586,50.7513,477.8597,6.4981
Windows,100,45,17.6474,48.4334,459.474,6.5018
Windows,100,46,17.4052,47.2185,469.757,6.2743
Windows,100,47,16.7229,46.5009,466.208,6.4028
Windows,100,48,17.8113,48.2622,478.5567,6.6109
Windows,100,49,18.8259,49.2911,462.6291,6.3932
Windows,100,50,19.6328,50.3776,476.1699,6.3744
Windows,100,51,16.6559,47.971,461.1986,5.8628
Windows,100,52,25.483,59.5767,703.8143,6.1238
Windows,100,53,16.4636,46.9195,463.4905,6.3535
Windows,100,54,17.1453,49.8606,466.4522,6.4055
Windows,100,55,19.024,49.6507,474.7056,6.3373
Windows,100,56,16.5748,49.7235,467.2722,6.0597
Windows,100,57,18.6683,56.4883,505.8238,6.4726
Windows,100,58,17.8698,47.9807,462.5334,6.3191
Windows,100,59,17.3396,51.7338,478.2686,6.8427
Windows,100,60,16.9719,47.1041,469.6113,5.8742
Windows,100,61,17.1749,48.0048,466.7866,7.0783
Windows,100,62,17.4072,48.0249,547.8787,6.0785
Windows,100,63,18.6263,57.5506,672.9982,7.5749
Windows,100,64,21.3522,56.8061,528.4045,13.7782
Windows,100,65,25.317,56.4924,481.4642,6.563
Windows,100,66,17.9891,53.1813,459.0659,6.4945
Windows,100,67,17.347,50.44,499.2215,11.0193
Windows,100,68,24.7316,73.4209,640.6143,7.5002
Windows,100,69,19.3053,49.9396,520.0257,7.0567
Windows,100,70,17.864,50.5585,468.8822,7.438
Windows,100,71,20.5007,48.8074,486.9461,6.4481
Windows,100,72,17.786,49.4054,492.937,6.9362
Windows,100,73,25.4762,56.4846,503.4654,6.4624
Windows,100,74,20.6425,54.9005,543.4259,7.1673
Windows,100,75,19.3273,47.7553,498.1145,6.4435
Windows,100,76,16.7107,51.9364,549.6006,6.4349
Windows,100,77,17.3166,50.827,593.9826,8.2957
Windows,100,78,21.733,55.1507,539.0041,6.3449
Windows,100,79,15.8962,47.455,486.9807,6.1921
Windows,100,80,17.3758,49.4761,476.9743,6.5216
Windows,100,81,17.3104,48.5991,465.983,6.912
Windows,100,82,16.4745,46.5463,480.6882,7.2648
Windows,100,83,24.2494,53.0104,469.3816,6.3493
Windows,100,84,16.9853,48.3281,461.2759,6.346
Windows,100,85,18.6674,52.2098,461.7866,6.1748
Windows,100,86,17.8677,48.5201,469.5626,6.8417
Windows,100,87,18.1584,46.3441,476.8386,6.3344
Windows,100,88,17.7817,49.6869,480.8138,6.503
Windows,100,89,17.7878,47.3871,461.0339,7.3281
Windows,100,90,19.1135,55.9332,486.6308,7.5373
Windows,100,91,19.6378,51.7137,514.3631,7.6666
Windows,100,92,18.6245,48.5548,496.4981,7.2154
Windows,100,93,19.8884,58.7685,470.7831,7.1655
Windows,100,94,17.3838,49.5223,466.7175,6.9109
Windows,100,95,18.3082,47.3532,469.9952,6.3666
Windows,100,96,16.8625,47.5012,469.9165,7.2358
Windows,100,97,20.5495,48.1714,464.7085,6.6077
Windows,100,98,18.2664,49.9464,475.021,6.4026
Windows,100,99,17.0611,46.0774,457.7506,6.6117
Windows,100,100,16.5447,51.943,468.7817,6.4674
Windows,200,1,36.4001,104.3405,949.4645,11.8354
Windows,200,2,34.0584,100.1845,934.6102,11.75
Windows,200,3,36.7725,97.338,938.9333,12.3882
Windows,200,4,34.627,96.3185,934.5155,12.057
Windows,200,5,34.9055,100.8613,935.1106,12.2251
Windows,200,6,36.133,95.5416,1018.7845,13.3479
Windows,200,7,34.3781,97.2064,939.3549,12.1867
Windows,200,8,35.2441,99.7578,987.4183,12.2578
Windows,200,9,34.6667,100.5347,937.4475,12.1102
Windows,200,10,38.8042,98.5218,945.3817,12.0211
Windows,200,11,32.6142,98.9143,957.1781,12.5317
Windows,200,12,35.801,96.4442,948.439,12.7565
Windows,200,13,35.6456,102.3286,963.4989,12.6977
Windows,200,14,36.2423,94.3581,938.1318,11.9779
Windows,200,15,36.8171,104.289,966.8727,13.3351
Windows,200,16,39.9833,90.9634,949.79,12.3758
Windows,200,17,35.1812,97.7794,948.098,11.9912
Windows,200,18,34.4702,95.164,936.8705,14.2563
Windows,200,19,42.5074,93.6506,949.5152,11.8675
Windows,200,20,34.8401,97.8454,940.1115,12.1832
Windows,200,21,35.1305,98.6288,954.059,12.158
Windows,200,22,32.6854,97.9964,980.0015,12.532
Windows,200,23,36.9094,99.1051,943.977,12.6725
Windows,200,24,35.8302,97.8658,949.0537,12.1298
Windows,200,25,35.5172,92.9446,969.0685,12.4661
Windows,200,26,33.7542,100.7075,941.5683,12.2318
Windows,200,27,36.9369,97.9702,927.8666,13.9554
Windows,200,28,40.6359,107.2732,933.2975,12.0944
Windows,200,29,36.6208,96.2496,942.3288,12.3087
Windows,200,30,36.9973,96.5911,956.2325,11.8159
Windows,200,31,35.012,95.928,933.7882,11.9712
Windows,200,32,35.7049,103.2094,943.9903,11.8273
Windows,200,33,34.8636,95.55,943.1254,12.6801
Windows,200,34,37.2313,98.0682,945.2929,12.5543
Windows,200,35,35.5778,93.7632,955.3773,12.4802
Windows,200,36,35.4008,99.0911,958.5949,14.6614
Windows,200,37,41.4305,100.2863,905.7452,12.1349
Windows,200,38,41.0387,110.2035,951.3803,11.9355
Windows,200,39,35.2935,99.1878,931.7216,12.2817
Windows,200,40,34.5557,95.42,935.3542,12.6764
Windows,200,41,35.7128,94.7295,952.1412,11.2523
Windows,200,42,32.8588,101.6392,938.2513,12.0529
Windows,200,43,34.9197,96.2047,947.6073,12.5588
Windows,200,44,35.7562,104.848,929.8224,14.1919
Windows,200,45,40.7138,100.5674,966.481,12.4072
Windows,200,46,35.1729,102.3527,935.1594,12.4081
Windows,200,47,36.5501,96.1266,930.8594,11.7155
Windows,200,48,33.2515,96.6538,930.5273,12.9359
Windows,200,49,33.9481,94.014,927.8626,12.8394
Windows,200,50,34.9676,93.7416,924.0498,12.436
Windows,200,51,37.969,106.8428,933.0281,12.1934
Windows,200,52,37.309,95.5928,936.7009,12.4868
Windows,200,53,36.594,107.3344,927.9776,12.6282
Windows,200,54,34.8613,94.9292,927.4906,12.0402
Windows,200,55,34.5881,97.4164,935.7659,13.26
Windows,200,56,35.8756,99.6174,929.3614,12.3413
Windows,200,57,35.5727,97.8289,937.9731,12.5269
Windows,200,58,35.0971,97.0276,942.6893,11.9837
Windows,200,59,34.1964,95.4678,941.9152,11.466
Windows,200,60,36.6964,109.756,927.3264,12.5589
Windows,200,61,36.2803,94.2618,979.9222,12.543
Windows,200,62,35.2883,98.5203,937.1407,12.0429
Windows,200,63,35.112,96.6003,980.8008,12.903
Windows,200,64,45.5608,102.5666,945.2537,12.2379
Windows,200,65,36.3871,96.3504,949.4773,13.9403
Windows,200,66,34.9608,95.4144,920.4408,12.0853
Windows,200,67,35.2026,99.5059,935.5782,11.9794
Windows,200,68,34.9472,98.5919,929.9448,11.6101
Windows,200,69,40.6984,100.7333,936.4924,12.3773
Windows,200,70,35.2023,96.8706,925.2202,12.317
Windows,200,71,35.8848,96.8641,926.1685,12.2052
Windows,200,72,35.3904,106.8344,929.8969,12.1277
Windows,200,73,34.2155,94.0564,944.7072,12.936
Windows,200,74,37.887,96.6325,965.6203,12.1962
Windows,200,75,34.5556,97.9929,960.099,12.7446
Windows,200,76,36.3609,95.8703,930.3535,12.0459
Windows,200,77,33.9908,96.5988,923.4023,12.4985
Windows,200,78,35.5932,94.7706,947.9468,12.3371
Windows,200,79,35.6338,102.0416,937.944,13.2556
Windows,200,80,35.8504,95.0371,919.4622,12.3389
Windows,200,81,37.3396,97.8586,962.9242,11.784
Windows,200,82,36.8627,94.97,955.7005,12.0771
Windows,200,83,36.981,100.1715,944.8409,12.1983
Windows,200,84,36.8267,93.9648,941.324,11.2614
Windows,200,85,32.7027,95.1502,940.9967,11.1722
Windows,200,86,33.52,97.6969,959.468,18.4815
Windows,200,87,34.8454,92.7224,939.1736,11.3468
Windows,200,88,32.4956,98.5054,938.2304,11.7922
Windows,200,89,34.4207,96.205,921.8066,14.2464
Windows,200,90,39.0439,99.983,954.6042,12.4298
Windows,200,91,37.1634,103.1089,948.8818,12.1013
Windows,200,92,34.9686,94.0986,938.9509,12.1477
Windows,200,93,34.7741,97.6057,936.4602,12.1098
Windows,200,94,34.4536,96.7201,937.4605,12.2629
Windows,200,95,35.4533,99.1195,937.1714,12.4123
Windows,200,96,32.8689,95.0923,975.3677,12.0928
Windows,200,97,34.0803,98.8837,936.9784,14.3165
Windows,200,98,38.3343,99.0921,943.879,12.8903
Windows,200,99,40.3103,106.7567,927.7672,11.8024
Windows,200,100,34.1857,96.2621,936.7011,11.8261
Windows,300,1,55.236,149.4974,1409.3298,17.7503
Windows,300,2,52.0391,141.2483,1408.2632,17.9994
Windows,300,3,51.2122,147.062,1405.4433,17.9807
Windows,300,4,55.1,136.3229,1389.9245,16.8771
Windows,300,5,54.6579,147.3198,1404.1254,19.5883
Windows,300,6,51.5742,133.3723,1398.1996,18.1987
Windows,300,7,50.7356,134.5241,1397.9864,18.4789
Windows,300,8,51.9868,144.3275,1410.9385,18.2576
Windows,300,9,53.6352,149.6909,1382.633,18.9313
Windows,300,10,54.2233,149.245,1395.4654,16.9871
Windows,300,11,49.5396,132.2355,1418.7949,18.9045
Windows,300,12,52.7256,141.008,1385.0337,16.7752
Windows,300,13,46.5662,142.7889,1398.9203,18.6538
Windows,300,14,52.9897,142.0918,1384.2917,16.1545
Windows,300,15,46.506,141.9584,1395.699,18.7089
Windows,300,16,49.6224,132.8105,1411.5338,17.452
Windows,300,17,47.0243,136.9212,1375.3949,17.2435
Windows,300,18,46.1738,134.7861,1406.2916,19.0865
Windows,300,19,54.3277,146.6681,1396.1009,17.9137
Windows,300,20,48.883,140.6006,1402.1738,17.342
Windows,300,21,46.9311,134.704,1363.1446,17.729
Windows,300,22,50.4571,137.5858,1370.6191,17.2485
Windows,300,23,46.7902,151.2557,1391.9832,18.4852
Windows,300,24,53.5083,141.7885,1380.4614,16.6574
Windows,300,25,49.6705,142.5175,1376.1722,16.9506
Windows,300,26,48.77,138.5046,1378.3821,18.1411
Windows,300,27,52.3758,145.7147,1385.8787,18.2512
Windows,300,28,52.8945,142.5723,1375.3091,18.3605
Windows,300,29,53.8764,145.3118,1400.3557,16.5319
Windows,300,30,47.6726,141.0946,1395.3866,17.6058
Windows,300,31,53.5461,145.5827,1393.5097,17.4698
Windows,300,32,50.3076,129.6635,1418.2897,17.7202
Windows,300,33,53.6624,145.4224,1389.5983,18.1853
Windows,300,34,53.6409,139.9274,1389.0513,17.3733
Windows,300,35,48.2604,142.5151,1399.4648,19.0336
Windows,300,36,54.6431,135.624,1399.9255,18.4641
Windows,300,37,52.7463,156.6564,1388.9962,18.3551
Windows,300,38,47.9047,141.074,1422.7791,18.3409
Windows,300,39,51.3071,147.4269,1397.6207,16.0927
Windows,300,40,47.8087,142.5776,1387.1336,17.4168
Windows,300,41,51.4915,139.1283,1372.0785,19.2684
Windows,300,42,50.192,144.4004,1417.6828,18.8073
Windows,300,43,48.3072,131.1673,1383.7613,16.8111
Windows,300,44,49.9677,153.3874,1392.8699,18.1196
Windows,300,45,49.8965,132.0449,1381.2196,16.9914
Windows,300,46,49.2249,134.6516,1367.3951,17.927
Windows,300,47,50.0379,140.8092,1390.9217,18.6035
Windows,300,48,53.9261,138.5738,1406.7531,22.2885
Windows,300,49,55.9852,141.4867,1407.9841,16.892
Windows,300,50,47.6219,136.7629,1395.4387,16.2938
Windows,300,51,47.0241,137.6985,1390.191,16.7451
Windows,300,52,46.41,143.7543,1397.4945,18.4331
Windows,300,53,52.9109,128.7193,1389.5669,18.8124
Windows,300,54,53.0472,147.5923,1383.8226,17.613
Windows,300,55,51.6471,139.4976,1395.3823,18.7581
Windows,300,56,51.4645,149.3832,1382.859,16.7243
Windows,300,57,46.0199,129.3759,1421.2005,17.2728
Windows,300,58,51.1339,147.8988,1368.6627,18.4382
Windows,300,59,53.455,144.3423,1371.2351,17.3524
Windows,300,60,45.9509,135.964,1507.2959,20.8795
Windows,300,61,57.4001,162.9488,1557.7789,18.4638
Windows,300,62,48.5646,146.4907,1401.6639,18.1319
Windows,300,63,50.0967,142.8095,1425.3789,17.2765
Windows,300,64,48.1367,144.1529,1419.889,17.0067
Windows,300,65,52.6385,147.8457,1393.0279,16.9992
Windows,300,66,46.3536,140.3499,1394.6241,19.3588
Windows,300,67,53.2499,141.0783,1403.0884,16.8144
Windows,300,68,50.6662,136.601,1397.4352,18.3802
Windows,300,69,48.6694,146.4764,1368.808,18.5407
Windows,300,70,52.9335,144.0646,1384.5275,16.5305
Windows,300,71,51.4671,147.4944,1400.0178,17.896
Windows,300,72,53.9019,143.456,1395.4752,17.1888
Windows,300,73,46.9566,144.28,1382.5207,16.8494
Windows,300,74,47.9831,144.5726,1397.9704,17.0699
Windows,300,75,47.6458,143.1462,1393.8956,18.8078
Windows,300,76,52.0362,136.4111,1415.728,17.8811
Windows,300,77,53.4057,140.0556,1392.7509,18.3311
Windows,300,78,73.2822,218.7056,1679.3778,18.1419
Windows,300,79,51.7999,136.5814,1405.8961,18.0277
Windows,300,80,51.1955,146.1211,1381.3806,16.7761
Windows,300,81,47.0811,133.9586,1398.1815,16.4445
Windows,300,82,47.9708,147.7663,1398.7778,16.6502
Windows,300,83,47.4033,135.5704,1381.1411,17.3703
Windows,300,84,46.4791,143.1784,1377.6056,16.9076
Windows,300,85,46.6037,142.3567,1376.5232,17.6832
Windows,300,86,60.3766,156.2605,1385.9891,17.7764
Windows,300,87,52.9712,137.8923,1397.2049,18.3601
Windows,300,88,53.3262,139.8626,1394.9008,16.2818
Windows,300,89,48.009,142.7199,1386.0817,17.7611
Windows,300,90,54.7427,142.8933,1367.7929,19.5528
Windows,300,91,53.2548,144.0635,1401.0998,18.0537
Windows,300,92,55.4152,146.5805,1424.1178,18.8799
Windows,300,93,53.257,138.1612,1413.848,18.3482
Windows,300,94,48.3793,157.8449,1392.0606,18.0743
Windows,300,95,53.1357,134.5447,1402.3006,17.8465
Windows,300,96,47.7976,142.2574,1383.4882,18.2348
Windows,300,97,52.9844,136.5044,1397.1175,18.183
Windows,300,98,53.1747,149.1392,1359.2431,17.8117
Windows,300,99,53.8227,141.2312,1424.6728,17.6995
Windows,300,100,52.8099,138.5319,1398.4484,19.099
Windows,400,1,65.1224,194.357,1865.1454,22.5435
Windows,400,2,67.533,196.4468,1851.2995,26.6824
Windows,400,3,84.5324,209.1888,2136.7694,26.5997
Windows,400,4,74.3896,179.0627,2223.6062,26.3632
Windows,400,5,103.5184,206.9271,2174.9653,26.7725
Windows,400,6,102.4437,200.3846,2202.4978,26.3105
Windows,400,7,107.5585,206.007,2170.3659,26.6629
Windows,400,8,112.2676,262.069,2272.5368,27.0867
Windows,400,9,103.7129,206.9031,2166.0814,25.7322
Windows,400,10,111.667,202.6843,2194.0832,26.0113
Windows,400,11,98.895,208.2357,2279.9493,33.2036
Windows,400,12,90.1131,196.358,2205.4684,25.555
Windows,400,13,89.2173,210.653,2136.4346,26.7404
Windows,400,14,102.9814,201.1358,2163.5194,26.5231
Windows,400,15,94.6729,269.0408,2201.4708,28.1181
Windows,400,16,104.2482,233.6899,2166.4416,26.0882
Windows,400,17,101.1345,217.6786,2173.0034,27.4794
Windows,400,18,96.7288,201.4386,2168.5606,25.4796
Windows,400,19,97.6588,215.0511,2167.0612,27.5358
Windows,400,20,98.5617,253.327,2087.1686,24.7369
Windows,400,21,78.0621,194.7434,2211.8791,25.0896
Windows,400,22,77.7351,193.1782,1898.665,24.2038
Windows,400,23,78.7448,182.3053,1872.8287,24.1908
Windows,400,24,75.8548,205.0571,1878.9376,23.2735
Windows,400,25,79.0603,190.6924,1879.2076,23.837
Windows,400,26,79.5629,191.5724,1888.1462,24.2519
Windows,400,27,80.4114,202.9136,1841.0532,24.4101
Windows,400,28,77.2111,178.7403,1860.3117,23.8327
Windows,400,29,78.7037,191.7217,1885.0598,23.2689
Windows,400,30,75.5336,176.8056,1899.0107,22.9503
Windows,400,31,75.5516,187.2662,1861.7254,23.7172
Windows,400,32,80.017,187.6996,2529.7465,26.1626
Windows,400,33,101.0798,269.7977,2262.3912,33.2984
Windows,400,34,104.7847,241.5708,2427.5204,27.4024
Windows,400,35,86.6112,201.3356,2200.0272,27.2638
Windows,400,36,95.5199,218.4389,2225.9191,28.1672
Windows,400,37,85.7509,216.863,2163.7597,28.2486
Windows,400,38,92.6501,207.6961,2187.7977,30.5619
Windows,400,39,85.3044,199.5769,2206.5162,32.2031
Windows,400,40,86.7194,213.5621,2196.2794,29.8294
Windows,400,41,80.2103,213.1396,1968.2013,24.3459
Windows,400,42,95.3154,271.3961,1990.1237,25.4207
Windows,400,43,86.9048,200.247,1991.1142,25.6798
Windows,400,44,83.7877,205.7313,2494.0878,26.988
Windows,400,45,88.8654,201.2795,1943.1198,24.4939
Windows,400,46,86.7305,204.5507,1980.0835,25.082
Windows,400,47,82.9237,196.1388,1906.8768,33.9496
Windows,400,48,100.703,240.3569,2153.9026,23.8922
Windows,400,49,84.7065,186.6073,2045.8168,26.5612
Windows,400,50,86.7133,225.5529,1968.1396,23.2344
Windows,400,51,88.0021,184.443,2024.139,23.827
Windows,400,52,87.707,199.2466,1886.9019,23.2214
Windows,400,53,83.0701,193.3995,1900.5138,23.5623
Windows,400,54,85.6536,181.4219,1896.3695,24.0862
Windows,400,55,81.9127,197.6409,1871.0949,24.116
Windows,400,56,84.9006,181.1715,1878.7896,23.0802
Windows,400,57,83.4453,188.7731,1884.1321,24.1972
Windows,400,58,83.9109,183.1249,1875.4103,22.481
Windows,400,59,75.5095,190.0524,1878.2434,23.3701
Windows,400,60,81.6687,187.3815,1887.4617,24.3112
Windows,400,61,84.2128,193.9991,1879.3568,23.3554
Windows,400,62,81.9719,192.8032,1899.6714,24.0407
Windows,400,63,79.8185,190.1802,1862.3987,25.1661
Windows,400,64,81.4314,186.7506,1863.5423,23.1116
Windows,400,65,82.7244,191.5598,1857.4696,24.423
Windows,400,66,79.4242,185.4588,1869.9462,25.2737
Windows,400,67,84.9055,211.6255,1862.0784,23.4442
Windows,400,68,82.6872,183.0242,1872.4034,23.7408
Windows,400,69,83.1784,183.3098,1858.3877,23.3295
Windows,400,70,81.5398,186.7349,1879.7905,23.8528
Windows,400,71,82.3591,186.0474,1875.5833,23.845
Windows,400,72,81.7663,184.0527,1875.162,22.4995
Windows,400,73,80.0554,193.2763,1886.6409,23.123
Windows,400,74,81.0229,182.763,1842.3984,23.5492
Windows,400,75,81.7352,187.1776,1853.7402,24.4254
Windows,400,76,80.3682,182.7544,1902.4492,23.9797
Windows,400,77,78.868,186.5822,1871.5258,22.9429
Windows,400,78,79.3683,181.1626,1902.5104,25.6359
Windows,400,79,84.2662,195.583,1865.1323,23.276
Windows,400,80,80.231,188.385,1880.8696,24.0539
Windows,400,81,81.4977,187.9676,1864.6134,23.6542
Windows,400,82,79.9458,182.9098,1889.346,22.8196
Windows,400,83,82.2707,198.224,1883.3354,23.8734
Windows,400,84,82.9792,185.4949,1839.8792,24.663
Windows,400,85,82.1214,189.101,1872.7697,24.28
Windows,400,86,83.1955,187.5358,1879.7449,23.6562
Windows,400,87,80.726,187.2272,1859.2999,23.7384
Windows,400,88,81.802,226.8369,3968.4681,57.418
Windows,400,89,157.5542,418.275,5500.6269,70.5928
Windows,400,90,177.7094,386.8789,2700.8224,50.4136
Windows,400,91,151.6594,295.386,2875.9787,30.6457
Windows,400,92,116.1006,362.7986,3364.7242,33.258
Windows,400,93,120.2245,340.68,2719.8054,26.5454
Windows,400,94,78.175,194.3307,1975.048,23.9525
Windows,400,95,81.3585,192.1382,1991.0623,27.1587
Windows,400,96,88.4381,189.2462,1924.7107,24.0492
Windows,400,97,82.7024,187.2605,1946.6409,23.921
Windows,400,98,82.0236,193.0936,1914.73,23.8021
Windows,400,99,82.6251,187.0141,1883.3034,22.3667
Windows,400,100,77.6509,197.5189,1899.9698,23.7236
Windows,500,1,117.1699,248.4141,2334.8624,29.7556
Windows,500,2,114.4732,237.9535,2337.6558,29.3211
Windows,500,3,113.2443,240.4009,2392.0924,28.8756
Windows,500,4,112.7943,236.5331,2364.2539,28.8469
Windows,500,5,113.855,229.6889,2368.9464,29.9325
Windows,500,6,114.7962,235.5715,2328.3823,27.6742
Windows,500,7,106.8581,239.0393,2414.81,29.7572
Windows,500,8,112.7657,245.7551,2388.5196,29.6329
Windows,500,9,116.5582,232.5624,2362.7958,29.9316
Windows,500,10,111.2803,238.1466,2336.5714,27.2219
Windows,500,11,105.7161,236.4754,2419.2884,30.5521
Windows,500,12,114.7758,233.4834,2333.6595,29.3107
Windows,500,13,111.3491,236.7311,2366.0289,30.8096
Windows,500,14,116.2936,237.8863,2352.377,29.293
Windows,500,15,103.1975,249.1954,2351.8209,30.5066
Windows,500,16,111.3153,229.0319,2343.532,29.7441
Windows,500,17,108.0057,230.5665,2329.4454,28.3704
Windows,500,18,110.7061,225.8723,2357.7149,27.7751
Windows,500,19,104.8081,246.0252,2351.6948,29.3555
Windows,500,20,114.5035,245.2367,2352.3567,28.515
Windows,500,21,116.021,244.9132,2355.542,29.6129
Windows,500,22,114.3067,230.2366,2350.9131,29.4099
Windows,500,23,111.3687,238.4519,2339.9162,29.6064
Windows,500,24,110.6211,239.0207,2325.0473,30.9568
Windows,500,25,112.9152,244.6887,2584.9202,42.7419
Windows,500,26,120.3097,248.7604,2526.9023,35.0672
Windows,500,27,134.2884,268.006,2629.7019,29.4714
Windows,500,28,125.5387,246.3303,3620.5646,34.2725
Windows,500,29,134.0534,286.3801,3028.5148,31.6609
Windows,500,30,126.2939,256.1982,2549.3371,34.9419
Windows,500,31,127.9848,274.4118,2821.2744,35.9313
Windows,500,32,127.9038,262.9767,3053.5813,33.316
Windows,500,33,125.6271,275.562,3465.0103,43.5548
Windows,500,34,143.1566,296.889,2670.3286,32.2797
Windows,500,35,114.0071,242.6298,2988.4578,29.8692
Windows,500,36,113.7454,230.8752,2390.4774,36.2201
Windows,500,37,123.606,269.2968,2415.1551,29.2182
Windows,500,38,111.0859,230.7246,2451.6697,32.2451
Windows,500,39,100.2517,257.7535,2779.5864,33.8969
Windows,500,40,127.257,262.8697,2463.8967,29.1736
Windows,500,41,114.012,230.5228,2349.4378,29.1072
Windows,500,42,102.3251,229.1432,2322.3407,27.0427
Windows,500,43,106.3017,223.8281,2309.1777,27.6258
Windows,500,44,103.7691,206.6807,2306.7865,26.5653
Windows,500,45,104.0137,219.9744,2337.8101,28.1279
Windows,500,46,100.4461,218.2982,2322.441,29.1726
Windows,500,47,114.4197,236.145,2361.8288,28.3325
Windows,500,48,102.3801,222.9732,2311.5662,27.633
Windows,500,49,101.5302,220.1379,2295.5603,29.9363
Windows,500,50,101.6782,218.6859,2322.9663,29.2216
Windows,500,51,113.1512,222.0036,2330.6551,28.2395
Windows,500,52,103.5247,213.7308,2299.08,27.763
Windows,500,53,101.9061,214.2911,2296.1431,27.9647
Windows,500,54,103.7172,221.8773,2349.6102,28.6919
Windows,500,55,111.9005,238.072,2336.5133,32.9108
Windows,500,56,112.3945,232.8418,2358.9391,30.1948
Windows,500,57,113.1134,229.1382,2380.4646,31.8472
Windows,500,58,109.5524,240.9175,2398.432,27.8134
Windows,500,59,104.2737,218.5932,2329.7815,29.3206
Windows,500,60,110.4045,237.4493,2344.4805,29.0862
Windows,500,61,110.7257,226.429,2359.8626,30.2316
Windows,500,62,114.7005,243.7504,2316.1462,29.2029
Windows,500,63,112.8257,226.9286,2320.7497,30.5305
Windows,500,64,114.0466,237.6228,2323.1668,28.881
Windows,500,65,109.4165,231.4283,2317.6897,29.1929
Windows,500,66,107.0263,238.6061,2300.1344,28.3366
Windows,500,67,117.8608,235.4196,2322.0179,29.3331
Windows,500,68,112.8155,232.8188,2320.6973,29.5211
Windows,500,69,111.1058,237.9932,2340.7192,29.7193
Windows,500,70,114.4116,232.1,2320.6808,30.2042
Windows,500,71,115.5859,229.5633,2328.311,29.8952
Windows,500,72,114.8299,237.5156,2289.2755,29.6989
Windows,500,73,112.8869,236.9417,2633.8095,29.4284
Windows,500,74,111.8788,235.874,2320.0554,29.7116
Windows,500,75,112.1827,244.5142,2351.0772,28.4653
Windows,500,76,110.1038,236.7366,2342.5422,32.4214
Windows,500,77,114.0986,229.871,2329.286,27.6918
Windows,500,78,100.4494,244.1646,2368.5526,28.1007
Windows,500,79,111.0337,224.659,3207.4828,29.2254
Windows,500,80,114.7027,251.5086,2478.3285,32.1762
Windows,500,81,115.8779,230.2687,2435.6821,30.3083
Windows,500,82,115.1973,233.7426,2302.6298,30.2379
Windows,500,83,115.9432,232.2148,2338.0196,29.5635
Windows,500,84,112.2126,240.4786,2345.4657,26.5607
Windows,500,85,100.5178,213.8516,2311.4076,26.9481
Windows,500,86,100.9613,236.9726,2313.0023,28.2394
Windows,500,87,110.0584,225.478,2314.5454,29.942
Windows,500,88,112.259,231.3017,2314.7986,29.6728
Windows,500,89,107.1777,237.829,2323.2171,27.6316
Windows,500,90,109.8791,226.6884,2316.9716,27.7801
Windows,500,91,113.4984,243.958,2287.7563,30.7061
Windows,500,92,108.9947,226.9321,2413.3409,23.3991
Windows,500,93,118.8638,237.3974,2314.7515,29.3156
Windows,500,94,113.2554,226.9099,2310.9221,28.155
Windows,500,95,101.3739,228.6102,2322.2074,30.078
Windows,500,96,115.0957,232.3234,2316.824,28.9406
Windows,500,97,112.9992,223.4565,2294.9389,30.2973
Windows,500,98,114.802,228.3393,2343.0943,31.4448
Windows,500,99,106.0851,228.5383,2353.5323,29.3023
Windows,500,100,105.2067,241.8367,2329.1613,28.8042
Windows,600,1,133.2992,288.7571,2752.0552,31.6089
Windows,600,2,132.1792,261.2283,2761.7854,34.5058
Windows,600,3,132.7616,266.0924,2735.8507,30.9954
Windows,600,4,134.9564,262.8711,2733.5854,34.4652
Windows,600,5,130.9027,283.0816,2775.6993,31.9386
Windows,600,6,131.4699,262.7167,2734.3222,33.7788
Windows,600,7,135.9359,265.3988,2768.2937,33.1006
Windows,600,8,133.7809,278.328,2934.9168,38.1165
Windows,600,9,151.8324,321.1429,3045.4959,44.0192
Windows,600,10,148.197,298.3258,3309.8104,42.535
Windows,600,11,160.3311,414.5308,3214.6343,35.8733
Windows,600,12,149.9305,305.0792,3203.6129,38.945
Windows,600,13,150.8841,309.5593,3087.4188,38.286
Windows,600,14,172.2014,337.9003,3084.6629,36.7146
Windows,600,15,148.1539,312.1283,2972.7054,37.8246
Windows,600,16,152.6299,293.583,2925.9844,39.8662
Windows,600,17,168.6469,319.1297,2935.3547,38.1329
Windows,600,18,150.7658,301.4169,3047.003,41.0238
Windows,600,19,130.1343,323.8753,3353.1842,40.107
Windows,600,20,156.0436,309.1822,3198.8549,34.5309
Windows,600,21,145.0847,302.5658,2824.3304,36.1153
Windows,600,22,142.5903,264.2657,3090.7603,39.3677
Windows,600,23,156.751,317.3906,3453.599,40.4498
Windows,600,24,159.4976,301.0764,3001.8658,38.1466
Windows,600,25,149.0858,294.9905,2867.609,35.5434
Windows,600,26,140.3625,273.9509,2834.3405,38.8744
Windows,600,27,149.9401,307.7443,2984.8866,41.8365
Windows,600,28,158.694,311.4467,3398.2287,41.2922
Windows,600,29,159.5934,308.5428,3177.1438,38.6655
Windows,600,30,160.475,326.2634,3439.0287,36.4719
Windows,600,31,153.708,295.7699,2930.9945,32.917
Windows,600,32,136.6187,271.8531,2867.5224,36.2466
Windows,600,33,118.0737,273.7004,2815.8511,32.5954
Windows,600,34,138.7384,281.1922,2881.3262,39.743
Windows,600,35,164.9995,355.7322,3217.2569,40.3071
Windows,600,36,159.5014,323.4765,3396.8864,43.0126
Windows,600,37,158.8806,308.0854,3450.8114,40.8518
Windows,600,38,161.996,320.5707,3134.1808,37.4236
Windows,600,39,148.8604,289.0634,2999.6116,42.7675
Windows,600,40,191.5846,375.9293,3169.7484,45.7988
Windows,600,41,167.3541,321.1179,3460.6609,38.2258
Windows,600,42,152.5536,330.9921,3356.6921,35.0886
Windows,600,43,147.1576,324.4367,3363.3949,32.2917
Windows,600,44,134.4557,293.525,2882.0156,31.8992
Windows,600,45,136.6176,296.9593,2981.5127,40.7583
Windows,600,46,165.1155,315.9357,3550.5307,40.3496
Windows,600,47,162.0163,312.2506,3528.8331,41.4549
Windows,600,48,159.7082,414.8258,3119.3804,41.0206
Windows,600,49,157.8029,323.6398,3389.5635,42.2861
Windows,600,50,169.3008,310.6529,3510.5368,41.6503
Windows,600,51,157.6949,332.6218,3491.6319,41.4222
Windows,600,52,150.1093,347.2381,3521.8362,50.9311
Windows,600,53,194.1758,398.2851,3344.0581,39.7009
Windows,600,54,160.3884,338.1795,3390.8616,39.9863
Windows,600,55,156.8138,316.7276,3406.4532,42.5144
Windows,600,56,160.6579,338.8513,3431.2137,39.8699
Windows,600,57,150.68,309.1612,3257.4748,38.8721
Windows,600,58,153.6777,322.3816,3150.7683,31.8521
Windows,600,59,125.4772,276.9757,3012.245,32.3684
Windows,600,60,173.0964,376.0382,2874.5333,36.4115
Windows,600,61,134.7992,259.8137,2818.0825,35.7815
Windows,600,62,137.4407,272.0325,2830.2134,33.6404
Windows,600,63,133.1164,275.3218,2841.8942,32.0841
Windows,600,64,130.877,269.7734,2785.2354,35.215
Windows,600,65,129.0608,267.6076,2811.2912,32.4509
Windows,600,66,130.1855,272.0122,2806.227,36.2305
Windows,600,67,145.8129,265.3795,2764.2164,34.5634
Windows,600,68,127.5059,291.904,2852.5737,33.9603
Windows,600,69,134.156,261.6364,3382.635,34.0562
Windows,600,70,140.5868,275.6713,2825.2736,35.7259
Windows,600,71,132.0755,272.3271,2831.9389,35.4856
Windows,600,72,131.1974,270.9573,2788.7995,32.1598
Windows,600,73,128.8289,267.7455,2797.9133,36.2242
Windows,600,74,118.7324,270.6315,2823.0477,33.4451
Windows,600,75,130.7293,255.6764,2877.2717,33.4727
Windows,600,76,132.1554,267.3096,2811.5414,32.9212
Windows,600,77,130.9723,264.2013,3188.2663,46.2414
Windows,600,78,178.2634,286.753,2812.7833,36.7675
Windows,600,79,144.7354,277.397,2771.2756,32.2787
Windows,600,80,143.3851,279.4888,2799.5115,36.1152
Windows,600,81,130.0176,288.4385,2820.7777,32.5636
Windows,600,82,126.0772,276.2237,2790.1329,34.9036
Windows,600,83,144.4534,275.6154,2781.0694,35.4544
Windows,600,84,141.6531,263.2984,2807.6892,33.7401
Windows,600,85,132.422,278.1719,2808.2812,33.3662
Windows,600,86,140.6974,278.0169,4386.4582,85.9932
Windows,600,87,241.3127,618.831,7673.124,61.0721
Windows,600,88,214.2443,421.4746,5839.5248,68.0178
Windows,600,89,261.7666,588.2647,3905.4206,34.8203
Windows,600,90,139.1426,449.6263,3339.4051,36.5212
Windows,600,91,143.1295,293.8767,2973.0305,32.4479
Windows,600,92,137.9235,284.3599,3039.7175,57.0697
Windows,600,93,177.0338,348.3738,4485.663,56.2737
Windows,600,94,325.8977,941.4818,7727.1111,108.944
Windows,600,95,351.7596,844.8115,7234.2253,117.7547
Windows,600,96,403.9869,912.0606,6856.4391,110.1931
Windows,600,97,355.6881,886.3789,5977.7102,135.7862
Windows,600,98,341.213,822.7493,6245.6168,103.5328
Windows,600,99,332.1886,873.7368,5859.0858,103.2635
Windows,600,100,377.2797,849.4335,6406.5712,109.4544
Windows,700,1,459.0445,872.3759,3922.6364,42.5202
Windows,700,2,174.9046,331.5041,3542.849,41.3806
Windows,700,3,176.3128,398.112,3553.1868,41.1286
Windows,700,4,179.7184,389.5177,3692.7032,46.1667
Windows,700,5,167.9364,448.9672,3484.3103,41.6965
Windows,700,6,172.0054,354.0581,3565.6923,40.7058
Windows,700,7,200.2726,402.2188,3740.1915,40.7782
Windows,700,8,171.8275,331.0707,3419.7698,39.4825
Windows,700,9,151.2973,348.5674,3351.591,39.5553
Windows,700,10,168.8101,342.7639,3431.8702,37.8815
Windows,700,11,171.4801,338.0448,3400.3541,38.0518
Windows,700,12,186.9606,424.1563,3438.8377,40.8254
Windows,700,13,173.8282,342.9125,3305.6321,37.9763
Windows,700,14,158.2617,333.8811,3263.8245,41.1197
Windows,700,15,171.8514,359.1855,3264.6539,40.1544
Windows,700,16,143.1737,324.1264,3280.0824,39.3691
Windows,700,17,166.7131,342.8073,3297.4657,42.2449
Windows,700,18,144.9881,323.1396,3287.0476,41.4411
Windows,700,19,144.8804,327.0786,3294.8659,38.0798
Windows,700,20,161.1576,305.324,3283.1141,40.2769
Windows,700,21,148.7663,334.3404,3361.162,43.5314
Windows,700,22,172.9281,334.934,3275.8768,41.125
Windows,700,23,192.9013,340.2181,3302.5672,40.6352
Windows,700,24,167.087,316.9435,3280.2779,37.0364
Windows,700,25,156.9853,328.7965,3257.1668,37.4881
Windows,700,26,158.4202,311.2459,3282.8883,42.1302
Windows,700,27,158.9823,323.5445,3221.8677,42.3543
Windows,700,28,169.2927,318.7621,3244.7324,40.3958
Windows,700,29,172.147,322.4175,3284.1017,42.2894
Windows,700,30,161.0989,323.8818,3231.8344,39.7611
Windows,700,31,167.2494,342.5417,3290.6464,40.5086
Windows,700,32,149.0656,326.0764,3258.5515,38.489
Windows,700,33,155.1682,303.7441,3224.9738,38.0316
Windows,700,34,159.0112,319.2206,3230.5925,48.2997
Windows,700,35,126.4125,301.9538,3257.0833,40.3781
Windows,700,36,154.1104,311.2609,3236.8768,37.5241
Windows,700,37,161.1398,331.9658,3287.6519,41.4369
Windows,700,38,167.1315,325.2463,3299.9391,39.2305
Windows,700,39,166.8269,334.784,3302.1614,42.7485
Windows,700,40,148.4805,316.9756,3268.2954,41.7237
Windows,700,41,169.9302,331.1307,3257.2748,39.0692
Windows,700,42,174.3031,321.8901,3253.2194,47.3548
Windows,700,43,141.6451,337.1138,3232.0733,41.0098
Windows,700,44,152.1087,317.2211,3279.1929,39.2536
Windows,700,45,149.1087,338.897,3308.3077,41.7272
Windows,700,46,171.432,314.8932,3275.4718,42.0309
Windows,700,47,170.6848,334.0633,3251.5932,42.669
Windows,700,48,161.6249,333.1802,3264.6788,40.8195
Windows,700,49,170.8215,325.5324,3303.8944,43.7931
Windows,700,50,170.7786,331.8838,3251.9941,40.9729
Windows,700,51,170.5257,322.4897,3246.4136,41.6541
Windows,700,52,169.3368,332.9885,3306.6164,40.6631
Windows,700,53,169.467,324.7759,3277.3135,41.989
Windows,700,54,173.8622,339.6822,3305.0914,41.2681
Windows,700,55,172.2241,317.3872,3249.9584,41.3549
Windows,700,56,177.1802,331.7901,3272.1678,40.9118
Windows,700,57,169.2738,319.3287,3255.4643,41.931
Windows,700,58,167.9816,336.3392,3228.5308,40.3896
Windows,700,59,165.3458,323.172,3259.7505,40.7161
Windows,700,60,169.6627,328.098,3212.9375,40.4161
Windows,700,61,169.835,318.5333,3286.314,42.3659
Windows,700,62,172.1495,332.4744,3536.9512,87.1663
Windows,700,63,218.5663,516.9608,3779.8316,42.2678
Windows,700,64,173.3097,330.2246,3277.9619,40.8119
Windows,700,65,169.3215,326.6865,3326.7228,41.7744
Windows,700,66,174.6253,330.0812,3272.8242,42.3868
Windows,700,67,173.9548,336.1818,3307.5166,40.3396
Windows,700,68,177.0429,311.8247,3240.4866,40.8672
Windows,700,69,170.3277,347.23,3305.6481,41.5762
Windows,700,70,174.1322,320.8744,3796.413,52.4381
Windows,700,71,211.8121,352.1666,3286.7274,41.0702
Windows,700,72,177.5266,320.7184,3322.0178,41.6546
Windows,700,73,167.0263,329.2297,3306.5131,44.1036
Windows,700,74,140.3463,342.1659,3280.247,41.7048
Windows,700,75,171.5379,321.4852,3281.6239,46.4347
Windows,700,76,135.4978,335.2655,3259.3512,38.9205
Windows,700,77,170.7498,318.5694,3243.9419,40.1574
Windows,700,78,164.8431,343.4743,3249.6481,38.7636
Windows,700,79,171.3743,320.4395,3350.9025,46.8229
Windows,700,80,187.0351,331.5965,3312.5282,39.9004
Windows,700,81,166.4216,319.1091,3338.5007,41.211
Windows,700,82,166.4842,338.3747,3276.3307,42.507
Windows,700,83,170.0663,324.1873,3265.7717,41.6804
Windows,700,84,171.9354,333.5055,3298.8554,47.8516
Windows,700,85,168.0,318.4416,3242.6963,40.9325
Windows,700,86,172.2419,327.561,3316.2001,40.1743
Windows,700,87,167.1602,328.4281,3242.5537,40.1493
Windows,700,88,165.8261,338.8201,3270.9554,40.8541
Windows,700,89,168.9284,316.5747,3267.033,40.8952
Windows,700,90,151.6111,335.4452,3219.6157,41.1574
Windows,700,91,160.5226,322.8572,3263.0287,39.9036
Windows,700,92,174.5695,323.8917,3349.1486,39.4599
Windows,700,93,166.1061,336.1735,3233.5007,41.3337
Windows,700,94,168.2659,318.5149,3244.6707,40.586
Windows,700,95,170.4755,334.1233,3256.9342,41.9613
Windows,700,96,173.4544,323.825,3233.2143,40.5405
Windows,700,97,165.0463,324.6081,3241.2246,41.1475
Windows,700,98,169.5558,318.8136,3273.4383,39.7962
Windows,700,99,169.7305,342.2852,3258.8041,39.8449
Windows,700,100,167.1234,324.2626,3283.2271,39.4879
Windows,800,1,196.7199,376.3267,3723.0923,47.3732
Windows,800,2,208.2427,380.1597,3709.5044,53.5772
Windows,800,3,155.12,398.2054,3733.3502,47.496
Windows,800,4,197.0438,374.9052,3791.3084,46.1717
Windows,800,5,202.7555,391.1208,3728.1091,47.2678
Windows,800,6,176.9714,364.9066,3753.6686,46.9098
Windows,800,7,190.6259,371.7498,3686.3236,45.6814
Windows,800,8,167.6895,361.4957,3731.8428,47.2662
Windows,800,9,190.2254,373.1543,3715.8014,44.7961
Windows,800,10,179.7999,382.6846,3725.9749,46.2391
Windows,800,11,192.9642,351.7244,3698.3529,48.3227
Windows,800,12,194.8762,380.5034,3742.7792,46.6278
Windows,800,13,197.6514,367.8807,3710.8131,46.9705
Windows,800,14,196.2891,385.1793,3728.3595,47.6357
Windows,800,15,200.0652,371.1467,3714.3466,44.9994
Windows,800,16,195.6717,384.1515,4067.118,54.0222
Windows,800,17,202.8165,389.2591,3755.7488,45.8054
Windows,800,18,194.488,380.7364,3732.295,48.1082
Windows,800,19,195.85,363.4085,3719.5849,46.8319
Windows,800,20,197.2221,385.1421,3745.8021,45.5094
Windows,800,21,195.9426,377.7829,3718.6366,47.4889
Windows,800,22,192.3522,380.6727,3767.0504,47.4764
Windows,800,23,197.779,366.8825,3722.4358,47.2318
Windows,800,24,194.0791,374.33,3717.5872,45.5403
Windows,800,25,191.9855,385.7144,3715.323,48.1934
Windows,800,26,193.5012,376.9421,3733.7965,47.8665
Windows,800,27,196.9651,372.6053,3747.6218,47.0617
Windows,800,28,196.7244,401.4911,3753.1135,49.0662
Windows,800,29,197.5189,369.4701,4245.8276,47.8619
Windows,800,30,190.8331,386.5031,3948.7402,46.9252
Windows,800,31,177.3075,370.1755,3721.9088,47.5814
Windows,800,32,195.3292,387.1364,3699.2005,45.7746
Windows,800,33,182.2564,356.8405,3684.4306,48.2958
Windows,800,34,197.4421,358.086,3690.3495,47.2314
Windows,800,35,194.4393,368.2484,3684.767,46.9528
Windows,800,36,190.5172,370.2192,3945.9313,21.4175
Windows,800,37,135.2696,369.7646,3697.6078,46.5902
Windows,800,38,165.5234,368.9102,3746.0173,55.6785
Windows,800,39,141.2161,345.964,3696.5066,56.4846
Windows,800,40,143.0747,355.228,3692.6074,44.4306
Windows,800,41,189.1696,358.3595,3709.4256,42.2615
Windows,800,42,182.662,351.689,3667.7397,54.0933
Windows,800,43,139.9065,347.2406,3705.4829,58.2211
Windows,800,44,144.6156,354.675,3698.0092,43.4852
Windows,800,45,176.9791,384.1461,3718.5987,47.2092
Windows,800,46,181.8406,360.6216,3627.212,44.8773
Windows,800,47,174.7041,338.4212,3663.6426,43.2825
Windows,800,48,180.5795,364.6686,3674.1675,55.0098
Windows,800,49,143.2699,349.462,3669.1328,50.5965
Windows,800,50,144.9463,353.3447,3755.1797,47.2692
Windows,800,51,177.6476,392.4781,3786.2982,57.9457
Windows,800,52,180.2534,355.1343,3790.9674,60.6405
Windows,800,53,153.9889,359.7331,3793.1759,45.9338
Windows,800,54,195.087,368.287,3792.6469,49.818
Windows,800,55,163.5781,370.981,3883.7574,50.8418
Windows,800,56,174.5156,409.8329,6887.4258,123.1315
Windows,800,57,289.9927,811.9353,8746.0488,140.0527
Windows,800,58,464.637,1204.729,9062.4767,171.3769
Windows,800,59,390.2126,1138.6957,8661.0475,133.5703
Windows,800,60,387.2705,1129.8722,8133.7668,150.4164
Windows,800,61,460.2851,1019.7328,7747.154,95.8776
Windows,800,62,448.8656,1193.3796,7877.2377,166.0223
Windows,800,63,387.4694,1079.6963,8647.2512,135.2425
Windows,800,64,400.8781,1184.1577,8225.455,112.3286
Windows,800,65,444.685,1173.074,8388.677,139.7143
Windows,800,66,396.0655,1180.0291,7962.7908,165.1878
Windows,800,67,533.4077,1152.1807,8843.4853,112.2403
Windows,800,68,419.8066,1119.7459,7953.879,146.5064
Windows,800,69,430.0052,1072.732,8650.312,99.3657
Windows,800,70,486.5021,1193.2406,7870.117,99.5717
Windows,800,71,465.8304,1150.6917,8856.8227,145.0126
Windows,800,72,458.3355,1196.6162,8035.1442,132.8965
Windows,800,73,457.6719,1055.9039,7804.7192,99.4081
Windows,800,74,473.149,1135.3753,7814.41,143.522
Windows,800,75,371.133,1092.3099,8261.3607,110.5754
Windows,800,76,529.7802,1219.665,8389.2564,162.3644
Windows,800,77,434.1616,1116.9808,8328.3977,140.7934
Windows,800,78,401.0751,1155.0565,7961.6714,144.7194
Windows,800,79,370.679,1065.3238,7819.0149,135.2622
Windows,800,80,447.8446,1137.2736,8347.4934,159.3202
Windows,800,81,395.4688,1062.3046,8816.0816,103.1985
Windows,800,82,475.9915,1142.1249,8098.2768,114.8355
Windows,800,83,498.8374,1055.4901,8050.8623,165.5119
Windows,800,84,514.0266,1125.0568,7956.4311,100.8943
Windows,800,85,530.9796,1047.4064,8290.631,156.6118
Windows,800,86,487.7446,1166.0591,8792.8256,132.1266
Windows,800,87,485.8163,1055.6952,7988.7658,141.5406
Windows,800,88,504.2775,1059.6631,8220.906,142.7501
Windows,800,89,452.7504,1032.8946,8451.3781,176.6824
Windows,800,90,422.5895,1182.611,8069.242,137.7024
Windows,800,91,539.0913,1134.4151,7596.8939,172.5563
Windows,800,92,480.4437,1157.6965,8084.7575,155.8028
Windows,800,93,427.0641,1151.048,9051.565,141.5396
Windows,800,94,500.7894,1126.525,8255.2791,115.7974
Windows,800,95,479.1942,1134.1967,7752.9412,133.1483
Windows,800,96,509.6389,1230.4243,7764.2822,99.0589
Windows,800,97,459.3564,1112.9598,8649.6648,98.6144
Windows,800,98,474.9155,1177.0588,8345.3825,165.7468
Windows,800,99,445.2044,1063.5569,8078.6856,101.0091
Windows,800,100,489.7047,1220.0471,8227.4811,99.1464
Windows,900,1,532.2111,1219.4051,9449.077,116.9161
Windows,900,2,491.7075,1323.3995,8153.4847,60.451
Windows,900,3,192.3501,460.4011,4564.754,54.3309
Windows,900,4,222.2453,432.1412,4519.6427,49.8019
Windows,900,5,214.9081,448.4417,4466.7401,53.5183
Windows,900,6,211.479,421.3759,4393.1238,50.7429
Windows,900,7,220.2562,461.725,4365.7858,53.8083
Windows,900,8,221.9456,426.2871,4309.3603,53.451
Windows,900,9,219.6397,432.1221,4306.3209,53.3582
Windows,900,10,203.4984,416.1341,4330.8976,53.8982
Windows,900,11,220.4481,454.0032,4269.6911,53.1085
Windows,900,12,216.7008,419.4637,4293.6993,51.521
Windows,900,13,220.869,442.8731,4294.577,53.058
Windows,900,14,216.1748,429.5129,4304.954,54.0927
Windows,900,15,220.8664,435.9133,4262.7468,49.8944
Windows,900,16,216.5304,431.7268,4291.8685,54.0173
Windows,900,17,214.3938,447.2254,4282.0045,51.596
Windows,900,18,219.7293,432.598,4255.2249,53.6784
Windows,900,19,222.5951,440.1809,4248.5876,54.185
Windows,900,20,221.3168,414.1773,4242.8386,53.2015
Windows,900,21,186.6378,441.2425,4204.4844,53.1054
Windows,900,22,213.0432,410.9451,4220.1914,49.3703
Windows,900,23,203.2416,415.4322,4283.4774,50.0772
Windows,900,24,199.3868,415.3767,4221.2436,51.0925
Windows,900,25,202.0148,419.4819,4286.4706,50.1183
Windows,900,26,217.9945,418.3293,4142.6849,50.8245
Windows,900,27,220.2125,418.54,4235.1287,57.2153
Windows,900,28,180.2952,429.8808,4235.3901,51.4403
Windows,900,29,204.8828,457.7052,4243.726,51.0504
Windows,900,30,214.5542,438.9134,4268.0307,50.6708
Windows,900,31,223.3998,415.2288,4206.4747,49.4824
Windows,900,32,207.3676,402.6316,4213.3604,52.9587
Windows,900,33,211.4479,418.6065,4228.1781,52.2474
Windows,900,34,215.3326,426.375,4181.1449,52.0981
Windows,900,35,216.5131,406.0628,4149.2837,49.3038
Windows,900,36,210.708,407.9835,4172.3936,52.4963
Windows,900,37,236.9211,426.7999,4158.9559,49.6779
Windows,900,38,197.0697,420.4035,4177.8719,49.7143
Windows,900,39,193.6989,415.6796,4188.4551,49.3951
Windows,900,40,204.1933,418.1519,4191.0582,50.5502
Windows,900,41,208.6607,426.8284,4246.6984,49.7804
Windows,900,42,199.3547,451.5322,4191.0122,48.8514
Windows,900,43,201.2281,413.3807,4221.9891,50.3667
Windows,900,44,210.3224,425.8507,4181.0224,52.3196
Windows,900,45,187.7159,396.8979,4216.7656,52.9169
Windows,900,46,194.0227,416.5939,4183.2382,48.2408
Windows,900,47,210.4789,401.0853,4232.2854,48.3034
Windows,900,48,214.2695,435.062,4173.7074,53.172
Windows,900,49,243.8253,452.2416,4250.3215,48.449
Windows,900,50,203.2882,483.4543,4586.4177,71.5771
Windows,900,51,264.6118,560.3633,4411.2673,53.4164
Windows,900,52,221.1286,429.5623,4176.8057,51.8526
Windows,900,53,225.0805,408.6928,4260.1329,47.9654
Windows,900,54,213.5889,431.783,4253.0909,50.0134
Windows,900,55,193.966,395.3741,4180.4627,49.8517
Windows,900,56,193.4337,409.2723,4209.63,54.1546
Windows,900,57,171.0309,415.144,4180.4086,53.0173
Windows,900,58,198.2205,390.5978,4174.2345,60.2512
Windows,900,59,163.4898,424.4722,4221.2571,63.5246
Windows,900,60,163.2829,383.8453,4243.9193,50.2294
Windows,900,61,206.0752,426.5265,4224.8772,53.8892
Windows,900,62,222.0925,414.4148,4207.1502,52.7701
Windows,900,63,208.4579,419.6497,4228.6645,49.5745
Windows,900,64,213.8328,412.4807,4201.5816,63.6032
Windows,900,65,170.547,415.3182,4187.6655,54.5352
Windows,900,66,216.1411,430.4868,4219.9316,53.7077
Windows,900,67,206.3173,385.1844,4221.2125,53.3329
Windows,900,68,190.552,424.8133,4243.6014,52.9258
Windows,900,69,187.6878,423.6288,4221.1166,56.2464
Windows,900,70,169.8836,431.4697,4237.8586,52.846
Windows,900,71,220.7771,409.9004,4232.8698,54.2403
Windows,900,72,177.941,420.2167,4239.0798,60.3237
Windows,900,73,172.2398,394.8311,4262.6596,67.0625
Windows,900,74,203.8568,420.0279,4211.7078,63.7246
Windows,900,75,161.6886,405.6231,4179.2694,62.3626
Windows,900,76,173.6179,415.7699,4159.4604,53.6402
Windows,900,77,217.5963,390.8204,4245.9248,52.4173
Windows,900,78,201.9131,425.7048,4146.555,52.6826
Windows,900,79,230.1421,453.522,4228.6343,50.9158
Windows,900,80,196.87,412.4593,4182.9025,52.5645
Windows,900,81,221.1265,389.3627,4208.9542,52.6135
Windows,900,82,185.0551,425.3036,4134.5054,62.7324
Windows,900,83,175.1886,397.3123,4165.6101,60.0204
Windows,900,84,163.9665,417.6246,4172.6512,52.9373
Windows,900,85,199.5065,383.0704,4147.0899,62.1483
Windows,900,86,169.6952,386.7332,4245.8001,53.7411
Windows,900,87,180.6614,420.8286,4187.5041,64.6152
Windows,900,88,168.8101,462.8114,4166.4631,52.9179
Windows,900,89,233.0273,464.4364,4196.3035,50.1516
Windows,900,90,211.3015,410.0603,4191.242,53.2474
Windows,900,91,212.365,393.7961,4186.4159,48.2567
Windows,900,92,201.7536,400.4147,4185.3298,49.2965
Windows,900,93,213.3723,416.0343,4156.4737,54.755
Windows,900,94,221.652,405.7071,4197.2809,60.5485
Windows,900,95,171.9459,406.0433,4184.5127,52.1865
Windows,900,96,192.5906,431.3011,4170.8347,48.3575
Windows,900,97,204.7252,399.3766,4216.9923,53.082
Windows,900,98,204.4023,417.3817,4192.7313,50.5119
Windows,900,99,206.5101,396.4139,4164.9641,49.6468
Windows,900,100,199.5982,412.0,4165.9645,54.823
Windows,1000,1,229.617,461.4451,4599.1217,53.5664
Windows,1000,2,217.6282,484.4125,4593.7127,59.1249
Windows,1000,3,245.7281,525.9116,4668.7361,59.2681
Windows,1000,4,231.4827,486.7097,4630.7341,60.1862
Windows,1000,5,191.9291,490.3986,4620.7174,53.044
Windows,1000,6,233.9208,447.4174,4650.8807,56.4335
Windows,1000,7,228.8373,469.7439,4609.6661,57.1591
Windows,1000,8,246.0571,477.3086,4606.9179,53.799
Windows,1000,9,226.8689,479.7908,4629.5706,59.8178
Windows,1000,10,239.881,453.6491,4609.7327,53.4307
Windows,1000,11,216.8646,483.4731,4646.1414,57.4947
Windows,1000,12,234.25,453.9298,4674.5037,53.4243
Windows,1000,13,219.5682,498.4415,4643.0691,52.7926
Windows,1000,14,229.9776,451.385,4697.2344,56.277
Windows,1000,15,196.4835,453.1979,4634.3182,60.3786
Windows,1000,16,238.0115,485.9198,4612.3761,58.3529
Windows,1000,17,219.8364,462.2089,4613.4072,54.136
Windows,1000,18,227.1124,460.2287,4538.1682,53.1149
Windows,1000,19,219.151,447.0609,4594.4838,54.7102
Windows,1000,20,220.6023,448.8166,4590.5687,55.5281
Windows,1000,21,211.8728,433.9843,4611.7366,55.0645
Windows,1000,22,234.2652,468.298,8387.0777,165.8698
Windows,1000,23,480.6602,1054.8084,10800.2496,190.1013
Windows,1000,24,531.7507,1531.9132,10519.6566,164.7528
Windows,1000,25,659.6773,1423.8871,9884.5939,165.766
Windows,1000,26,644.9374,1520.1142,10163.9931,127.6463
Windows,1000,27,605.7613,1479.7864,10748.3713,176.1456
Windows,1000,28,510.4052,1434.7346,9552.9922,179.4219
Windows,1000,29,616.2888,1461.2817,10381.4413,127.407
Windows,1000,30,652.9749,1515.8281,10446.5997,168.888
Windows,1000,31,585.3724,1405.6762,10301.3069,197.3393
Windows,1000,32,637.2561,1423.3936,10149.8981,166.0193
Windows,1000,33,589.183,1481.0028,10038.8034,182.9776
Windows,1000,34,572.0884,1498.1195,10596.9091,138.6771
Windows,1000,35,597.1926,1375.7666,10484.4628,186.0483
Windows,1000,36,670.8045,1314.3973,9950.2656,186.4303
Windows,1000,37,534.7258,1465.5128,10701.5504,129.5096
Windows,1000,38,569.3421,1451.4157,10423.6823,126.5233
Windows,1000,39,579.3625,1491.3067,10460.853,171.3174
Windows,1000,40,541.9998,1398.5117,10200.4366,182.5721
Windows,1000,41,615.9511,1444.4909,9639.0209,155.9473
Windows,1000,42,552.937,1465.1055,10896.3896,158.8588
Windows,1000,43,554.4621,1369.6868,10980.1785,210.3309
Windows,1000,44,606.0433,1546.8252,9673.2095,172.5113
Windows,1000,45,488.8899,1415.5171,10867.5144,127.6305
Windows,1000,46,623.3877,1394.6265,10103.7081,171.4392
Windows,1000,47,534.4254,1307.1025,10011.0185,219.0474
Windows,1000,48,616.0966,1371.5062,10421.9355,200.4709
Windows,1000,49,559.2166,1368.8551,10906.2337,179.5922
Windows,1000,50,503.7321,1480.5925,10589.1406,181.9883
Windows,1000,51,662.6081,1445.9113,9972.3055,159.4912
Windows,1000,52,499.6334,1395.4445,10325.1441,125.1673
Windows,1000,53,637.4053,1439.119,10724.4965,153.0814
Windows,1000,54,683.4189,1401.3907,10275.705,148.1641
Windows,1000,55,564.5594,1416.7448,10137.6896,129.7385
Windows,1000,56,551.8647,1535.3549,11465.768,148.7524
Windows,1000,57,605.3695,1349.1316,10642.1079,125.4621
Windows,1000,58,579.3509,1457.9903,10107.4596,140.1818
Windows,1000,59,592.9861,1344.4755,10501.4604,132.1471
Windows,1000,60,587.9451,1408.2797,10268.5209,193.6634
Windows,1000,61,595.6485,1437.2142,9776.137,131.4526
Windows,1000,62,621.5523,1468.3112,10987.7943,141.9545
Windows,1000,63,539.9233,1374.3593,9689.051,127.5388
Windows,1000,64,565.7746,1487.3512,10440.5163,150.7023
Windows,1000,65,639.1579,1375.6124,10235.8649,140.9019
Windows,1000,66,592.6124,1401.6267,10882.6023,126.9824
Windows,1000,67,600.7894,1518.8427,11930.7511,213.5141
Windows,1000,68,629.2203,1469.0488,10300.8882,161.3077
Windows,1000,69,647.3795,1464.926,10204.2448,123.6695
Windows,1000,70,592.3708,1462.0335,10016.5129,123.7966
Windows,1000,71,579.49,1387.1518,10761.3278,208.7534
Windows,1000,72,618.6833,1508.985,10691.5246,171.0662
Windows,1000,73,547.944,1340.9928,10774.629,125.6377
Windows,1000,74,601.1611,1432.3688,11050.5508,50.0332
Windows,1000,75,455.2528,1519.2261,11579.7017,209.8247
Windows,1000,76,508.1318,1470.8427,10954.3207,131.5804
Windows,1000,77,617.5914,1432.2431,10822.2817,126.4662
Windows,1000,78,586.448,1399.3805,9972.0349,210.0329
Windows,1000,79,668.2722,1472.7596,10334.3335,125.7192
Windows,1000,80,550.2411,1405.9194,10520.8667,129.0055
Windows,1000,81,667.7095,1506.4448,10999.8086,126.7431
Windows,1000,82,612.3484,1511.3115,10310.0134,136.6253
Windows,1000,83,635.512,1351.9584,10494.2462,170.6988
Windows,1000,84,525.7403,1373.2662,10556.3021,212.9798
Windows,1000,85,716.7612,1502.0195,12408.5153,193.1705
Windows,1000,86,686.1888,1474.8219,11989.3228,227.0018
Windows,1000,87,732.493,1671.2451,12475.8102,180.5061
Windows,1000,88,663.3709,1603.0863,12214.2011,194.607
Windows,1000,89,717.0216,1768.0576,12631.3429,237.0334
Windows,1000,90,772.7414,2128.5833,13601.413,206.3895
Windows,1000,91,645.2936,1953.9022,11753.5837,195.0088
Windows,1000,92,700.0072,1701.6785,13083.0566,201.0363
Windows,1000,93,663.1081,1610.9609,11845.0405,219.8789
Windows,1000,94,695.3726,1700.6272,11491.3534,144.3991
Windows,1000,95,614.1886,1514.4006,12068.7989,239.8361
Windows,1000,96,688.1995,1706.5924,13081.2719,176.7159
Windows,1000,97,713.2326,1641.5376,14938.5713,251.1969
Windows,1000,98,991.9549,1504.997,13488.8831,316.3689
Windows,1000,99,861.5282,1871.4393,13928.524,159.9177
Windows,1000,100,639.9761,1647.0912,11848.5962,197.4775
